Object ID,Is Public Domain,Artist Gender
382014,FALSE,NA
840183,FALSE,NA
835020,FALSE,NA
32425,FALSE,NA
840183,FALSE,NA
835020,FALSE,NA
32425,FALSE,NA
388084,TRUE,NA
334912,FALSE,NA
269133,FALSE,NA
747393,FALSE,NA
771843,FALSE,NA
36786,TRUE,NA
385976,TRUE,NA
820845,FALSE,NA
738885,FALSE,1
36394,FALSE,NA
727538,FALSE,NA
428919,TRUE,NA
264364,TRUE,NA
725391,FALSE,NA
429859,TRUE,NA
838778,FALSE,NA
348243,FALSE,NA
370509,FALSE,NA
481844,FALSE,NA
346400,TRUE,NA
400044,TRUE,NA
335534,TRUE,NA
289091,FALSE,NA
284076,FALSE,NA
382208,FALSE,NA
334134,FALSE,NA
362814,FALSE,NA
261257,FALSE,1
273572,FALSE,NA
341618,TRUE,NA
265852,FALSE,1
269969,FALSE,NA
275929,FALSE,NA
51584,TRUE,NA
709150,FALSE,NA
557690,FALSE,NA
364650,TRUE,NA
45606,TRUE,NA
842444,FALSE,NA
73619,TRUE,NA
656573,FALSE,NA
371940,FALSE,1
269825,FALSE,NA
670933,TRUE,NA
346339,TRUE,NA
429657,TRUE,NA
488360,FALSE,NA
710311,TRUE,NA
403582,TRUE,NA
386127,FALSE,NA
57288,TRUE,NA
274115,FALSE,NA
483300,FALSE,NA
55841,TRUE,NA
734455,FALSE,NA
340800,TRUE,NA
287798,FALSE,NA
385264,FALSE,NA
340264,TRUE,NA
406293,FALSE,NA
385557,FALSE,NA
372078,FALSE,NA
740567,FALSE,NA
56021,TRUE,NA
660091,FALSE,NA
717686,TRUE,NA
773473,FALSE,NA
710318,TRUE,NA
17450,TRUE,1
344000,TRUE,NA
269005,TRUE,NA
78713,TRUE,NA
486275,FALSE,NA
333826,TRUE,NA
48993,TRUE,NA
262056,FALSE,NA
16167,FALSE,1
774902,FALSE,NA
738037,FALSE,NA
785902,FALSE,NA
277375,FALSE,NA
193420,TRUE,NA
278352,FALSE,NA
787896,TRUE,NA
376057,FALSE,NA
399935,FALSE,NA
374800,FALSE,NA
274115,FALSE,NA
390159,TRUE,NA
56947,TRUE,NA
13193,FALSE,1
418168,TRUE,NA
14393,FALSE,NA
625234,FALSE,1
45263,TRUE,NA
265719,FALSE,NA
371904,TRUE,NA
265586,FALSE,NA
725717,FALSE,NA
271797,FALSE,NA
288694,TRUE,NA
268736,FALSE,NA
341325,TRUE,NA
260637,FALSE,NA
391395,TRUE,NA
11100,TRUE,NA
839554,FALSE,NA
383338,FALSE,NA
776692,FALSE,NA
14871,FALSE,NA
430887,FALSE,NA
712059,FALSE,NA
734218,FALSE,NA
488710,FALSE,NA
497642,FALSE,NA
262749,FALSE,NA
338226,TRUE,NA
275292,FALSE,NA
11776,TRUE,NA
338094,TRUE,NA
711842,FALSE,NA
273832,FALSE,NA
729465,FALSE,NA
13064,FALSE,NA
341647,FALSE,NA
259765,FALSE,NA
625299,TRUE,NA
188437,TRUE,NA
15537,TRUE,NA
342441,TRUE,NA
39654,TRUE,NA
340672,TRUE,NA
335299,TRUE,NA
283488,FALSE,NA
269968,FALSE,NA
437512,TRUE,NA
385769,TRUE,NA
273898,FALSE,NA
228998,TRUE,NA
486005,FALSE,NA
72915,FALSE,NA
485070,FALSE,NA
740582,FALSE,NA
424638,FALSE,NA
270385,FALSE,NA
261314,TRUE,NA
262331,FALSE,NA
656801,FALSE,NA
372673,FALSE,NA
405725,FALSE,NA
273035,FALSE,NA
645344,TRUE,NA
679070,FALSE,NA
11313,TRUE,NA
406391,FALSE,NA
56602,TRUE,NA
288987,FALSE,NA
437795,TRUE,NA
388774,FALSE,1
285297,FALSE,NA
259679,FALSE,NA
659717,FALSE,1
286131,TRUE,NA
372670,TRUE,NA
727554,FALSE,NA
57319,TRUE,NA
18447,TRUE,NA
263772,FALSE,NA
197476,TRUE,NA
275474,FALSE,NA
436757,TRUE,NA
404675,FALSE,NA
364211,TRUE,NA
373163,FALSE,NA
227333,FALSE,1
352898,TRUE,NA
818920,TRUE,NA
288347,FALSE,NA
374395,FALSE,NA
437056,TRUE,NA
411170,TRUE,NA
436477,TRUE,NA
286736,FALSE,NA
816844,TRUE,NA
271389,FALSE,NA
21126,TRUE,1
335911,FALSE,NA
311617,FALSE,NA
768783,TRUE,1
367850,FALSE,NA
73611,TRUE,NA
712715,FALSE,NA
338444,TRUE,NA
819503,TRUE,NA
288523,TRUE,NA
843754,FALSE,NA
627526,FALSE,NA
836113,TRUE,NA
771837,FALSE,NA
483461,FALSE,NA
276207,FALSE,NA
291786,TRUE,NA
334659,TRUE,NA
627455,FALSE,NA
459759,TRUE,NA
38043,TRUE,NA
340553,FALSE,NA
389814,FALSE,NA
822504,FALSE,NA
817824,FALSE,NA
739881,TRUE,NA
430138,TRUE,NA
724975,FALSE,NA
400090,FALSE,NA
653145,FALSE,NA
55602,TRUE,NA
386187,FALSE,NA
259586,FALSE,NA
429168,FALSE,NA
815302,FALSE,NA
268756,FALSE,NA
395679,FALSE,NA
343236,TRUE,NA
335649,TRUE,NA
403809,FALSE,NA
815390,FALSE,NA
645313,TRUE,NA
434302,FALSE,NA
571715,TRUE,NA
785554,FALSE,NA
311674,FALSE,NA
16527,TRUE,NA
433951,FALSE,1
725396,FALSE,NA
339910,TRUE,NA
394490,FALSE,NA
284900,FALSE,NA
487781,FALSE,NA
291135,FALSE,NA
482913,FALSE,NA
284411,FALSE,NA
277890,FALSE,NA
482256,FALSE,NA
776636,FALSE,NA
340704,TRUE,NA
36652,TRUE,NA
291767,TRUE,NA
278003,FALSE,NA
276059,FALSE,NA
338270,TRUE,NA
275887,FALSE,NA
333866,TRUE,NA
284888,FALSE,NA
656710,FALSE,NA
40090,TRUE,NA
460188,TRUE,NA
676291,FALSE,NA
659724,FALSE,NA
740592,FALSE,NA
377494,FALSE,NA
659658,FALSE,NA
348889,TRUE,NA
343702,TRUE,NA
16009,TRUE,NA
706171,FALSE,NA
483508,FALSE,NA
488677,FALSE,NA
399278,TRUE,NA
288532,TRUE,NA
360734,TRUE,NA
460812,TRUE,NA
41813,TRUE,NA
283515,FALSE,NA
427486,FALSE,NA
265691,FALSE,NA
336478,TRUE,NA
735311,TRUE,NA
266319,FALSE,NA
720105,FALSE,NA
16199,TRUE,NA
265129,FALSE,NA
400210,TRUE,NA
368588,FALSE,NA
399537,TRUE,NA
266933,FALSE,1
272409,FALSE,NA
277930,FALSE,NA
486421,FALSE,NA
291918,TRUE,NA
382044,FALSE,NA
373559,FALSE,NA
282915,FALSE,NA
55064,TRUE,NA
358062,TRUE,NA
481188,FALSE,NA
349831,TRUE,NA
653226,FALSE,NA
358949,TRUE,NA
12798,TRUE,NA
375263,FALSE,NA
285333,FALSE,NA
720472,TRUE,NA
811587,TRUE,NA
263592,FALSE,1
439349,FALSE,NA
483301,FALSE,NA
387206,FALSE,NA
399391,TRUE,NA
364491,TRUE,NA
286095,FALSE,NA
494306,FALSE,NA
264953,TRUE,NA
387666,FALSE,NA
412393,TRUE,NA
291126,FALSE,NA
484985,FALSE,NA
270374,FALSE,NA
348036,TRUE,NA
669303,TRUE,NA
669190,FALSE,NA
493918,FALSE,NA
291912,TRUE,NA
344403,TRUE,NA
11625,TRUE,NA
491769,FALSE,1
777904,FALSE,NA
827154,FALSE,NA
277909,FALSE,NA
707406,FALSE,NA
438727,TRUE,NA
346154,FALSE,NA
377382,FALSE,1
482288,FALSE,NA
433361,FALSE,NA
370475,FALSE,NA
437922,TRUE,NA
51560,FALSE,NA
437608,TRUE,NA
286155,TRUE,NA
333940,TRUE,NA
260815,FALSE,NA
72263,TRUE,NA
435960,TRUE,NA
355643,TRUE,NA
197096,TRUE,NA
57200,TRUE,NA
189247,FALSE,NA
364358,TRUE,NA
49061,TRUE,NA
14317,TRUE,1
276776,FALSE,NA
211494,FALSE,NA
663092,FALSE,NA
272576,FALSE,NA
358010,TRUE,NA
658374,FALSE,NA
280256,FALSE,NA
829319,TRUE,NA
263490,FALSE,NA
260963,FALSE,NA
343590,TRUE,NA
373025,FALSE,NA
376793,TRUE,NA
365130,FALSE,NA
660174,FALSE,NA
406361,FALSE,NA
649569,FALSE,NA
342183,FALSE,NA
63337,TRUE,NA
382344,TRUE,NA
399594,TRUE,NA
728025,FALSE,NA
306786,TRUE,NA
346972,FALSE,1
264140,FALSE,NA
744625,FALSE,NA
267635,FALSE,NA
277831,FALSE,NA
460486,TRUE,NA
732369,FALSE,NA
281885,FALSE,NA
780912,FALSE,NA
460100,FALSE,NA
78747,TRUE,NA
10376,FALSE,NA
486348,FALSE,NA
269187,TRUE,NA
359181,TRUE,NA
388415,TRUE,NA
835956,FALSE,NA
633133,FALSE,NA
259576,FALSE,1
362814,FALSE,NA
264655,FALSE,NA
766693,TRUE,NA
716363,FALSE,NA
757282,TRUE,NA
720118,FALSE,NA
773399,FALSE,NA
341125,TRUE,NA
711641,TRUE,NA
73447,TRUE,NA
770037,FALSE,NA
16418,FALSE,NA
197798,FALSE,NA
399827,FALSE,NA
400229,TRUE,NA
55803,TRUE,NA
347708,FALSE,NA
397468,TRUE,NA
196738,TRUE,NA
775046,FALSE,NA
701039,FALSE,NA
268725,FALSE,NA
36593,TRUE,NA
299443,FALSE,NA
16277,FALSE,NA
36302,FALSE,NA
277622,FALSE,NA
733776,FALSE,NA
459038,TRUE,NA
196792,TRUE,NA
343845,TRUE,NA
311490,FALSE,NA
359050,TRUE,NA
685970,FALSE,NA
665933,FALSE,NA
49471,TRUE,NA
780795,FALSE,NA
288957,FALSE,NA
75906,FALSE,NA
13320,TRUE,NA
260101,FALSE,NA
405974,FALSE,NA
459452,TRUE,NA
482620,FALSE,NA
191199,FALSE,NA
400992,TRUE,NA
270857,TRUE,NA
265288,FALSE,NA
818141,FALSE,NA
36478,TRUE,NA
484304,FALSE,NA
266693,FALSE,1
372423,FALSE,1
829960,TRUE,NA
775166,FALSE,NA
274272,FALSE,NA
15754,TRUE,NA
262873,FALSE,NA
661747,FALSE,1
190796,TRUE,NA
333775,TRUE,NA
287782,TRUE,NA
430484,TRUE,NA
700203,FALSE,NA
483369,FALSE,NA
37007,TRUE,NA
696431,FALSE,NA
382505,TRUE,NA
692543,FALSE,NA
272114,FALSE,NA
264589,TRUE,NA
405523,FALSE,NA
664055,FALSE,NA
716317,FALSE,NA
278400,FALSE,NA
834276,FALSE,NA
497616,FALSE,NA
386087,TRUE,NA
394473,TRUE,NA
401025,TRUE,NA
13074,FALSE,NA
734487,FALSE,NA
493704,FALSE,NA
680850,FALSE,NA
270736,FALSE,NA
190623,TRUE,NA
486177,FALSE,NA
757763,FALSE,NA
390597,TRUE,NA
372150,FALSE,1
487846,FALSE,NA
269088,TRUE,NA
482671,FALSE,NA
432201,FALSE,NA
781480,FALSE,NA
282622,FALSE,NA
632246,FALSE,NA
493566,FALSE,NA
55565,TRUE,NA
372497,TRUE,NA
370948,FALSE,NA
336845,TRUE,NA
633011,FALSE,NA
394585,FALSE,NA
306904,TRUE,NA
259722,FALSE,NA
266179,FALSE,NA
785844,FALSE,NA
373224,FALSE,NA
437064,TRUE,NA
54344,TRUE,NA
282499,FALSE,NA
775074,FALSE,NA
399664,FALSE,NA
260042,FALSE,NA
287346,TRUE,NA
394581,FALSE,NA
392077,TRUE,NA
294508,TRUE,NA
347927,TRUE,NA
274873,FALSE,NA
209258,TRUE,NA
10541,TRUE,NA
391106,TRUE,NA
496504,FALSE,NA
54321,TRUE,NA
264260,FALSE,NA
459461,TRUE,NA
437367,FALSE,NA
15324,TRUE,NA
625043,TRUE,NA
286409,FALSE,NA
285694,FALSE,NA
380646,TRUE,NA
261044,FALSE,NA
722494,FALSE,NA
746367,FALSE,NA
284200,FALSE,NA
486111,FALSE,NA
385268,TRUE,NA
282600,FALSE,NA
275541,FALSE,NA
372802,TRUE,NA
70647,TRUE,NA
265521,FALSE,NA
709083,TRUE,NA
461500,TRUE,NA
267339,FALSE,NA
697669,FALSE,NA
16897,TRUE,NA
63665,FALSE,NA
359065,FALSE,NA
334570,FALSE,NA
483308,FALSE,NA
338791,TRUE,NA
360379,TRUE,NA
266011,FALSE,NA
263042,TRUE,NA
828859,TRUE,NA
680085,FALSE,NA
626216,FALSE,NA
337250,TRUE,NA
381425,TRUE,NA
282124,FALSE,NA
724690,FALSE,NA
275014,FALSE,NA
276286,FALSE,NA
36399,FALSE,NA
311390,FALSE,NA
489136,FALSE,NA
357473,FALSE,NA
706146,FALSE,NA
640243,TRUE,NA
367171,TRUE,NA
284160,FALSE,NA
405276,FALSE,NA
726480,TRUE,NA
336199,TRUE,NA
265037,FALSE,NA
265099,FALSE,NA
54525,TRUE,NA
367163,TRUE,NA
591622,FALSE,NA
757814,FALSE,NA
78772,TRUE,NA
397954,TRUE,NA
13173,FALSE,NA
351530,TRUE,NA
406011,FALSE,NA
361432,FALSE,NA
459562,FALSE,NA
742913,FALSE,NA
666197,TRUE,NA
228849,TRUE,NA
429572,TRUE,NA
291806,TRUE,NA
384140,FALSE,NA
645770,TRUE,NA
11764,TRUE,NA
669089,FALSE,NA
482008,FALSE,NA
11605,TRUE,NA
287699,TRUE,NA
36700,TRUE,NA
720481,TRUE,NA
270465,FALSE,NA
269311,FALSE,1
55242,TRUE,NA
274605,FALSE,NA
496214,FALSE,1
484458,FALSE,NA
481756,FALSE,1
259782,FALSE,NA
20043,FALSE,NA
337043,TRUE,NA
391999,FALSE,NA
771813,FALSE,NA
336217,TRUE,NA
639778,FALSE,NA
638563,FALSE,1
285850,FALSE,NA
54862,TRUE,NA
363577,FALSE,NA
271147,FALSE,NA
398243,TRUE,NA
278027,FALSE,NA
682672,TRUE,NA
729536,FALSE,NA
54713,TRUE,NA
262592,FALSE,NA
274128,FALSE,NA
282587,FALSE,NA
727848,FALSE,NA
362775,TRUE,NA
823124,FALSE,NA
688503,FALSE,NA
270042,FALSE,NA
781251,FALSE,NA
421529,FALSE,NA
406455,FALSE,NA
306857,TRUE,NA
345848,TRUE,NA
334987,TRUE,NA
403245,TRUE,NA
557680,FALSE,1
55737,TRUE,NA
385534,FALSE,NA
13039,TRUE,NA
459669,TRUE,NA
365878,TRUE,NA
336507,TRUE,NA
773413,FALSE,NA
54061,TRUE,NA
191484,TRUE,NA
262452,FALSE,NA
10569,TRUE,NA
264047,FALSE,NA
237794,TRUE,NA
484965,FALSE,1
260672,FALSE,NA
264558,FALSE,NA
661737,FALSE,NA
353972,FALSE,NA
56066,TRUE,NA
270675,FALSE,NA
58039,TRUE,NA
418112,FALSE,NA
191195,TRUE,NA
491600,FALSE,NA
56036,TRUE,NA
287885,FALSE,NA
363672,TRUE,NA
459624,TRUE,NA
776621,FALSE,NA
491342,FALSE,NA
339650,TRUE,NA
701205,TRUE,1
491472,FALSE,NA
13489,TRUE,NA
698240,FALSE,NA
404676,FALSE,NA
45281,TRUE,NA
838751,FALSE,NA
483207,FALSE,NA
483502,FALSE,1
399670,FALSE,NA
702293,FALSE,NA
265417,FALSE,NA
57937,TRUE,NA
77014,TRUE,NA
340127,TRUE,NA
343675,TRUE,NA
483899,FALSE,1
393510,TRUE,NA
626195,FALSE,NA
271639,FALSE,NA
692579,FALSE,NA
306871,TRUE,NA
289421,FALSE,1
261314,TRUE,NA
336698,TRUE,NA
44601,TRUE,NA
265414,FALSE,1
15353,TRUE,NA
685339,FALSE,NA
372635,TRUE,NA
390682,TRUE,NA
36250,FALSE,NA
282937,FALSE,NA
260917,FALSE,NA
337650,FALSE,NA
654397,FALSE,NA
11404,TRUE,NA
278230,FALSE,NA
266508,FALSE,NA
632316,FALSE,NA
338212,TRUE,NA
364448,TRUE,NA
385814,FALSE,NA
754938,FALSE,NA
396662,TRUE,NA
557724,FALSE,1
387431,TRUE,NA
461180,FALSE,NA
262029,FALSE,NA
199006,TRUE,NA
78591,TRUE,NA
724686,FALSE,NA
263947,FALSE,NA
358522,FALSE,NA
425049,FALSE,NA
391046,TRUE,NA
773386,FALSE,NA
16986,TRUE,NA
701847,FALSE,NA
277150,FALSE,NA
436295,TRUE,NA
344087,TRUE,NA
488099,TRUE,NA
474389,TRUE,NA
338964,TRUE,NA
459262,FALSE,NA
437509,TRUE,NA
274523,FALSE,NA
397019,TRUE,NA
785829,FALSE,NA
785552,FALSE,NA
834320,TRUE,NA
15055,TRUE,NA
338512,FALSE,NA
486047,FALSE,NA
260105,FALSE,NA
380782,FALSE,NA
14566,FALSE,1
436033,TRUE,NA
693092,FALSE,NA
392093,FALSE,NA
271047,FALSE,NA
363198,TRUE,NA
365726,TRUE,NA
338105,TRUE,NA
823132,FALSE,NA
36408,FALSE,NA
825542,TRUE,NA
660567,TRUE,NA
275651,FALSE,NA
367152,FALSE,NA
371002,TRUE,NA
285540,FALSE,NA
374755,FALSE,1
487968,FALSE,NA
259996,FALSE,NA
734054,TRUE,NA
429607,TRUE,NA
427470,FALSE,NA
207684,TRUE,NA
340247,TRUE,NA
12496,TRUE,NA
284398,FALSE,NA
707304,FALSE,NA
497768,FALSE,1
55318,TRUE,NA
15454,FALSE,NA
348601,TRUE,NA
36325,FALSE,NA
360021,FALSE,NA
412736,TRUE,NA
276173,FALSE,NA
836119,TRUE,NA
18354,TRUE,NA
732163,FALSE,NA
459466,TRUE,NA
384667,FALSE,NA
382803,TRUE,NA
650848,TRUE,NA
496634,FALSE,NA
664040,FALSE,NA
261108,FALSE,NA
44274,FALSE,NA
309674,FALSE,NA
73454,TRUE,NA
670264,TRUE,NA
54147,TRUE,NA
734597,FALSE,NA
367640,FALSE,NA
354583,FALSE,NA
486922,FALSE,1
702957,FALSE,NA
776739,FALSE,NA
336683,TRUE,NA
496738,FALSE,NA
557787,FALSE,1
338200,TRUE,NA
393833,FALSE,1
664010,FALSE,NA
334989,TRUE,NA
728319,FALSE,NA
385805,FALSE,NA
11686,FALSE,NA
273153,FALSE,NA
272576,FALSE,NA
277836,FALSE,NA
268726,FALSE,NA
380699,TRUE,NA
738428,FALSE,NA
284662,FALSE,NA
16513,TRUE,NA
12519,TRUE,NA
814611,FALSE,NA
338398,TRUE,NA
282884,FALSE,1
748729,FALSE,NA
488906,FALSE,NA
263525,FALSE,NA
288353,FALSE,NA
404839,TRUE,NA
694898,FALSE,NA
459215,FALSE,NA
210283,FALSE,NA
362667,FALSE,NA
732149,FALSE,NA
460097,FALSE,NA
269815,FALSE,NA
276211,FALSE,NA
340298,TRUE,NA
272974,FALSE,NA
272351,FALSE,NA
209142,FALSE,NA
695524,FALSE,NA
405711,FALSE,NA
489374,FALSE,NA
49793,FALSE,NA
72288,FALSE,NA
58910,TRUE,NA
656721,FALSE,NA
738053,FALSE,NA
819151,FALSE,NA
776675,FALSE,NA
338341,TRUE,NA
273658,FALSE,NA
372330,FALSE,1
380989,TRUE,NA
198388,TRUE,NA
286588,FALSE,NA
386356,TRUE,NA
492765,FALSE,NA
811379,FALSE,NA
718503,FALSE,NA
270760,FALSE,NA
838126,FALSE,NA
372971,TRUE,NA
338196,TRUE,NA
774209,FALSE,NA
424302,FALSE,NA
775202,FALSE,NA
372595,TRUE,NA
436297,TRUE,NA
338262,FALSE,NA
632159,FALSE,NA
270131,FALSE,NA
264465,FALSE,NA
362340,FALSE,NA
269767,TRUE,NA
652848,FALSE,NA
496631,FALSE,NA
260680,FALSE,NA
58202,TRUE,NA
42053,FALSE,NA
393225,FALSE,NA
382417,TRUE,NA
486737,FALSE,NA
360048,TRUE,NA
393246,TRUE,NA
775028,FALSE,NA
16753,FALSE,NA
285192,FALSE,NA
282254,FALSE,NA
819186,FALSE,NA
740585,FALSE,NA
436509,TRUE,NA
285466,TRUE,NA
265307,FALSE,NA
334785,TRUE,NA
707441,FALSE,NA
271282,TRUE,NA
273395,FALSE,NA
484867,FALSE,NA
398266,FALSE,NA
491727,FALSE,NA
369839,FALSE,NA
405840,TRUE,NA
824085,FALSE,NA
265028,FALSE,NA
359960,TRUE,NA
483610,FALSE,NA
10455,TRUE,NA
748864,FALSE,NA
55898,TRUE,NA
371297,FALSE,NA
490941,FALSE,NA
269801,FALSE,NA
274001,FALSE,NA
11084,FALSE,NA
261940,FALSE,NA
288332,FALSE,NA
11640,FALSE,NA
389244,FALSE,NA
357497,FALSE,NA
772726,TRUE,NA
361475,FALSE,NA
54316,TRUE,NA
274046,FALSE,NA
484258,FALSE,NA
632461,FALSE,NA
302291,FALSE,NA
345778,TRUE,NA
302516,FALSE,NA
344065,TRUE,NA
392045,FALSE,NA
483412,FALSE,NA
276208,FALSE,NA
638500,FALSE,NA
382885,FALSE,NA
261322,TRUE,NA
278151,FALSE,NA
624286,TRUE,NA
485263,FALSE,1
698268,FALSE,NA
14609,TRUE,NA
544638,TRUE,1
261990,FALSE,NA
56862,TRUE,NA
635582,FALSE,NA
275049,FALSE,NA
720535,TRUE,NA
362066,TRUE,NA
713359,FALSE,NA
274318,FALSE,NA
701440,FALSE,NA
264473,FALSE,NA
286408,FALSE,NA
724691,FALSE,NA
754676,FALSE,NA
496363,FALSE,NA
384607,FALSE,NA
266639,FALSE,1
438666,FALSE,NA
299347,FALSE,NA
624948,TRUE,NA
430149,TRUE,NA
416046,TRUE,NA
388693,FALSE,NA
12273,FALSE,NA
336538,TRUE,NA
282499,FALSE,NA
359844,TRUE,NA
358730,TRUE,NA
339197,TRUE,NA
495311,FALSE,NA
400097,TRUE,NA
485916,FALSE,NA
338418,FALSE,NA
16434,TRUE,NA
735490,TRUE,NA
393221,TRUE,NA
340887,TRUE,NA
365351,FALSE,NA
366237,FALSE,NA
259882,FALSE,NA
399776,TRUE,NA
650120,FALSE,NA
788405,FALSE,NA
482078,FALSE,NA
460930,TRUE,NA
732139,FALSE,NA
391928,FALSE,NA
715193,FALSE,NA
188421,TRUE,NA
267399,FALSE,NA
288508,TRUE,NA
407220,FALSE,NA
571714,TRUE,NA
280286,FALSE,NA
459404,TRUE,NA
11986,TRUE,NA
10563,FALSE,NA
728286,FALSE,NA
275260,FALSE,NA
734639,FALSE,NA
817415,FALSE,NA
656618,FALSE,NA
773615,TRUE,NA
687827,FALSE,NA
484294,FALSE,NA
13413,TRUE,NA
282216,FALSE,NA
12066,FALSE,NA
16104,TRUE,NA
290463,TRUE,NA
725362,FALSE,NA
464509,TRUE,NA
485073,FALSE,NA
682108,FALSE,NA
744949,FALSE,NA
36035,TRUE,NA
63684,FALSE,NA
259577,FALSE,NA
343035,FALSE,NA
691083,TRUE,NA
488400,FALSE,NA
275579,FALSE,NA
341594,TRUE,NA
421871,FALSE,NA
366236,TRUE,NA
265961,FALSE,NA
49154,TRUE,NA
284223,FALSE,NA
816218,TRUE,NA
274593,FALSE,NA
625101,FALSE,1
727664,FALSE,NA
436312,FALSE,NA
813864,TRUE,NA
430384,FALSE,NA
813827,TRUE,NA
386326,FALSE,NA
386326,FALSE,NA
384059,FALSE,NA
384059,FALSE,NA
384059,FALSE,NA
384059,FALSE,NA
384059,FALSE,NA
384059,FALSE,NA
384059,FALSE,NA
384059,FALSE,NA
384059,FALSE,NA
384059,FALSE,NA
349110,FALSE,NA
786171,FALSE,NA
371171,FALSE,NA
759631,FALSE,NA
760533,FALSE,NA
760290,FALSE,NA
759627,FALSE,NA
760101,FALSE,NA
371171,FALSE,NA
759631,FALSE,NA
760533,FALSE,NA
760290,FALSE,NA
759627,FALSE,NA
760101,FALSE,NA
371241,FALSE,NA
349928,FALSE,NA
708337,TRUE,NA
395036,FALSE,NA
383236,TRUE,NA
395018,FALSE,NA
63628,FALSE,NA
13096,TRUE,NA
45441,TRUE,NA
341249,FALSE,NA
831070,FALSE,NA
418464,TRUE,NA
388115,FALSE,NA
408618,TRUE,NA
706480,TRUE,NA
837817,FALSE,NA
629181,FALSE,NA
352460,TRUE,NA
388282,TRUE,NA
752029,TRUE,NA
367693,TRUE,NA
396933,TRUE,NA
341111,FALSE,NA
381469,FALSE,NA
682815,TRUE,NA
814466,FALSE,NA
51745,TRUE,NA
680884,TRUE,NA
405374,TRUE,NA
384942,TRUE,NA
437189,TRUE,NA
204523,TRUE,NA
643964,FALSE,NA
408106,FALSE,NA
376930,FALSE,NA
208736,TRUE,NA
773288,TRUE,NA
310013,FALSE,NA
310085,FALSE,NA
385680,FALSE,NA
345419,TRUE,NA
632061,FALSE,NA
397012,TRUE,NA
63205,TRUE,NA
816018,TRUE,NA
385674,TRUE,NA
373039,TRUE,NA
401956,FALSE,NA
395940,FALSE,NA
384991,TRUE,NA
815767,TRUE,NA
762644,FALSE,NA
343386,TRUE,NA
51744,TRUE,NA
422797,FALSE,NA
312014,FALSE,NA
369134,TRUE,NA
623793,FALSE,NA
51896,TRUE,NA
384952,TRUE,NA
5160,TRUE,NA
351068,FALSE,NA
369244,TRUE,NA
5161,TRUE,NA
369161,TRUE,NA
638235,FALSE,NA
370998,FALSE,NA
839498,FALSE,NA
417415,TRUE,NA
287295,TRUE,NA
648137,TRUE,NA
627101,FALSE,NA
814853,TRUE,NA
399118,FALSE,NA
765392,TRUE,NA
832742,TRUE,NA
407627,FALSE,NA
389916,TRUE,NA
416667,FALSE,NA
384121,FALSE,1
628096,FALSE,NA
628023,FALSE,NA
345655,TRUE,NA
414875,TRUE,NA
36011,TRUE,NA
635738,FALSE,NA
360194,TRUE,NA
812862,TRUE,NA
414141,FALSE,NA
310005,FALSE,NA
345702,FALSE,NA
338978,FALSE,NA
418608,TRUE,NA
632065,FALSE,NA
392130,FALSE,NA
817546,TRUE,NA
391660,FALSE,NA
638296,FALSE,NA
394199,TRUE,NA
762603,FALSE,NA
342825,TRUE,NA
386268,TRUE,NA
380779,FALSE,NA
310017,FALSE,NA
388244,FALSE,NA
668745,TRUE,NA
418542,TRUE,NA
634200,FALSE,NA
626372,FALSE,NA
384902,TRUE,NA
345471,TRUE,NA
394225,TRUE,NA
751047,FALSE,NA
638184,FALSE,NA
647324,FALSE,NA
634347,TRUE,NA
433161,FALSE,NA
335409,FALSE,NA
815012,TRUE,NA
433495,FALSE,NA
413127,FALSE,NA
210798,TRUE,NA
365369,FALSE,NA
286804,FALSE,NA
830079,TRUE,NA
411887,FALSE,NA
398167,FALSE,NA
288151,TRUE,NA
828615,FALSE,NA
625608,FALSE,NA
355386,FALSE,NA
364434,FALSE,NA
623593,FALSE,NA
788229,TRUE,NA
629367,FALSE,NA
343984,FALSE,NA
426043,FALSE,NA
370203,FALSE,NA
265668,FALSE,NA
382194,FALSE,NA
268561,TRUE,NA
268453,TRUE,NA
268387,TRUE,NA
268406,TRUE,NA
263182,FALSE,NA
268495,TRUE,NA
268337,TRUE,NA
268551,TRUE,NA
268487,TRUE,NA
646482,FALSE,NA
435044,FALSE,1
751455,FALSE,NA
823768,TRUE,NA
412719,FALSE,NA
370796,FALSE,NA
828328,TRUE,NA
368601,TRUE,NA
631759,FALSE,NA
764023,FALSE,NA
630107,TRUE,NA
627053,FALSE,NA
334600,FALSE,NA
432764,FALSE,NA
421093,FALSE,NA
659646,TRUE,NA
830867,FALSE,NA
422788,FALSE,NA
334242,FALSE,NA
394240,FALSE,NA
431233,FALSE,1
646120,FALSE,NA
786769,TRUE,NA
630081,FALSE,NA
288152,TRUE,NA
771988,TRUE,NA
399832,TRUE,NA
843524,FALSE,NA
394443,TRUE,NA
394424,TRUE,NA
423181,TRUE,NA
416882,TRUE,NA
634168,FALSE,NA
452162,TRUE,NA
385572,TRUE,NA
364114,FALSE,NA
261234,FALSE,NA
365811,FALSE,NA
358804,TRUE,NA
427323,TRUE,NA
715595,FALSE,NA
819894,TRUE,NA
669449,TRUE,NA
665550,TRUE,NA
669029,TRUE,NA
423837,FALSE,NA
361764,TRUE,NA
418076,TRUE,NA
416897,TRUE,NA
204620,TRUE,NA
428493,TRUE,NA
370233,FALSE,NA
643622,FALSE,NA
647766,FALSE,NA
381166,FALSE,NA
654548,FALSE,NA
383024,TRUE,NA
677887,FALSE,NA
648573,FALSE,NA
347330,FALSE,NA
766472,FALSE,NA
739730,TRUE,NA
361375,FALSE,NA
416878,TRUE,NA
186726,TRUE,NA
186756,TRUE,NA
186717,TRUE,NA
197023,FALSE,NA
389562,TRUE,NA
268260,TRUE,NA
626264,TRUE,NA
12728,TRUE,NA
268131,TRUE,NA
268183,TRUE,NA
268259,TRUE,NA
336600,TRUE,NA
394930,TRUE,NA
645465,FALSE,NA
352963,FALSE,NA
744184,FALSE,NA
371566,FALSE,NA
660493,FALSE,NA
679894,TRUE,NA
680012,FALSE,NA
283151,FALSE,NA
680040,FALSE,NA
676984,FALSE,NA
17177,FALSE,NA
17421,FALSE,NA
17068,FALSE,NA
17261,FALSE,NA
17085,FALSE,NA
17342,FALSE,NA
352425,FALSE,NA
204758,TRUE,NA
424265,FALSE,NA
290429,FALSE,NA
685697,FALSE,NA
685652,FALSE,NA
284475,FALSE,NA
685531,FALSE,NA
709100,FALSE,NA
709139,FALSE,NA
364928,FALSE,NA
263222,TRUE,NA
263654,FALSE,NA
286995,TRUE,NA
735907,TRUE,NA
261956,FALSE,NA
412232,FALSE,NA
712409,FALSE,NA
373243,FALSE,NA
416816,TRUE,NA
261819,TRUE,NA
262975,FALSE,NA
263144,FALSE,NA
639541,FALSE,NA
270945,FALSE,NA
722547,FALSE,NA
655640,FALSE,NA
306246,FALSE,1
261897,TRUE,NA
287032,TRUE,NA
639585,FALSE,NA
397136,FALSE,NA
364939,FALSE,NA
263645,FALSE,NA
742430,TRUE,NA
393940,TRUE,NA
638614,FALSE,NA
639591,FALSE,NA
369980,FALSE,NA
409726,FALSE,NA
411832,FALSE,NA
366068,FALSE,NA
408767,FALSE,NA
666305,FALSE,NA
368622,FALSE,NA
375952,FALSE,NA
340922,FALSE,NA
410588,FALSE,NA
365720,FALSE,1
334558,FALSE,NA
431381,FALSE,NA
408771,FALSE,NA
400378,FALSE,NA
431883,FALSE,NA
408710,FALSE,NA
368843,FALSE,NA
754063,TRUE,NA
642680,FALSE,NA
643981,FALSE,NA
333858,TRUE,NA
646468,FALSE,NA
640322,FALSE,NA
412205,FALSE,NA
398610,FALSE,NA
410149,FALSE,NA
365188,FALSE,NA
431301,FALSE,NA
381913,FALSE,NA
354643,TRUE,NA
374637,FALSE,NA
347129,FALSE,NA
433309,FALSE,NA
374156,FALSE,NA
398989,FALSE,NA
399059,FALSE,NA
391787,TRUE,NA
374542,FALSE,1
374932,FALSE,NA
360172,FALSE,NA
422478,FALSE,NA
419949,TRUE,NA
374267,FALSE,NA
426463,FALSE,NA
399317,FALSE,NA
410199,FALSE,NA
421213,FALSE,NA
419955,TRUE,NA
288441,FALSE,NA
375490,FALSE,1
431562,FALSE,NA
631878,FALSE,NA
397080,FALSE,NA
397180,FALSE,NA
780537,FALSE,NA
653338,FALSE,NA
431839,FALSE,NA
359687,FALSE,NA
355754,FALSE,NA
381059,FALSE,NA
431325,FALSE,NA
676823,FALSE,NA
650420,FALSE,NA
374561,FALSE,1
392574,TRUE,NA
396153,FALSE,NA
811558,TRUE,NA
401323,TRUE,NA
398254,FALSE,NA
356542,FALSE,NA
431522,FALSE,NA
648683,FALSE,1
397390,FALSE,NA
406590,FALSE,NA
401834,FALSE,NA
700316,TRUE,NA
427331,FALSE,NA
431193,FALSE,NA
435394,FALSE,NA
648553,FALSE,1
419092,TRUE,NA
781342,FALSE,NA
403989,FALSE,NA
393088,FALSE,NA
381914,FALSE,NA
397593,TRUE,NA
377483,TRUE,NA
769535,FALSE,NA
398915,FALSE,NA
432008,FALSE,NA
374748,FALSE,1
652650,FALSE,NA
432821,FALSE,NA
434094,FALSE,NA
425776,TRUE,NA
370235,FALSE,NA
388654,TRUE,NA
306186,FALSE,NA
811914,TRUE,NA
355426,FALSE,NA
744097,FALSE,1
420485,TRUE,NA
647790,FALSE,NA
337356,TRUE,NA
401346,TRUE,NA
392283,TRUE,NA
629124,FALSE,NA
427339,FALSE,NA
346861,FALSE,NA
342385,FALSE,NA
347188,FALSE,NA
392965,TRUE,NA
650396,FALSE,1
398195,FALSE,NA
427540,FALSE,NA
431726,FALSE,NA
426811,FALSE,NA
432290,FALSE,NA
430983,FALSE,NA
372061,FALSE,NA
643985,FALSE,NA
401254,FALSE,NA
811100,TRUE,NA
401271,FALSE,NA
398216,FALSE,NA
374507,FALSE,NA
491779,FALSE,NA
399158,TRUE,NA
383493,FALSE,NA
648692,FALSE,1
376394,TRUE,NA
398856,FALSE,NA
372021,FALSE,1
404410,FALSE,NA
426829,FALSE,NA
343622,FALSE,NA
370436,FALSE,NA
409977,TRUE,NA
404210,FALSE,NA
335724,FALSE,NA
397082,FALSE,NA
382775,FALSE,NA
632029,FALSE,NA
811084,TRUE,NA
641045,FALSE,NA
739820,TRUE,NA
633567,FALSE,NA
398981,TRUE,NA
775540,FALSE,NA
398978,TRUE,NA
396196,TRUE,NA
391449,TRUE,NA
391445,TRUE,NA
821784,TRUE,NA
373292,FALSE,NA
655964,FALSE,NA
678085,TRUE,NA
737960,TRUE,NA
738387,FALSE,NA
369924,FALSE,NA
638665,TRUE,NA
426396,FALSE,NA
375965,FALSE,1
639391,FALSE,NA
426387,FALSE,NA
645922,FALSE,NA
688391,FALSE,NA
681711,FALSE,NA
411204,FALSE,NA
395135,TRUE,NA
688641,FALSE,NA
690141,FALSE,NA
688571,FALSE,NA
403381,TRUE,NA
397731,FALSE,NA
435189,FALSE,NA
435189,FALSE,NA
435194,FALSE,NA
347367,FALSE,NA
381860,FALSE,NA
358762,FALSE,NA
773531,FALSE,NA
391817,TRUE,NA
341629,TRUE,NA
387214,FALSE,NA
384003,TRUE,NA
340842,FALSE,NA
366912,FALSE,NA
360097,TRUE,NA
359601,TRUE,NA
722519,FALSE,NA
362282,TRUE,NA
361857,TRUE,NA
337348,TRUE,NA
398585,TRUE,NA
770893,TRUE,NA
814388,FALSE,NA
349591,FALSE,NA
358822,FALSE,NA
344438,FALSE,NA
353758,FALSE,NA
352661,FALSE,NA
347152,FALSE,NA
353818,FALSE,NA
276647,FALSE,NA
368701,FALSE,NA
371831,FALSE,NA
354369,FALSE,NA
276449,FALSE,NA
351056,FALSE,NA
355692,FALSE,NA
346077,FALSE,NA
447302,TRUE,NA
344841,FALSE,NA
347830,FALSE,NA
352485,FALSE,NA
348451,FALSE,NA
359132,FALSE,NA
357336,FALSE,NA
358091,FALSE,NA
344975,FALSE,NA
356609,FALSE,NA
353294,FALSE,NA
276655,FALSE,NA
276485,FALSE,NA
283741,FALSE,NA
451428,TRUE,NA
276634,FALSE,NA
353916,FALSE,NA
276637,FALSE,NA
726819,FALSE,NA
712201,FALSE,NA
346130,FALSE,NA
356234,FALSE,NA
354067,FALSE,NA
708037,FALSE,NA
369332,TRUE,NA
358591,FALSE,NA
355680,FALSE,NA
822334,FALSE,NA
349194,FALSE,NA
333802,TRUE,NA
820680,FALSE,NA
353132,FALSE,NA
357759,FALSE,NA
351265,FALSE,NA
371972,FALSE,NA
390121,FALSE,NA
366149,FALSE,NA
348060,FALSE,NA
345728,FALSE,NA
348143,FALSE,NA
350047,FALSE,NA
359483,FALSE,NA
335579,FALSE,NA
357454,FALSE,NA
387901,FALSE,NA
357002,FALSE,NA
349802,FALSE,NA
661141,TRUE,NA
350976,FALSE,NA
373653,FALSE,NA
346479,FALSE,NA
355705,FALSE,NA
351374,FALSE,NA
357271,FALSE,NA
356611,FALSE,NA
364916,FALSE,NA
367349,FALSE,NA
395545,TRUE,NA
381869,FALSE,NA
648812,FALSE,NA
357635,FALSE,NA
356958,FALSE,NA
346279,FALSE,NA
359210,FALSE,NA
354208,FALSE,NA
351395,FALSE,NA
350927,FALSE,NA
380955,FALSE,NA
350869,FALSE,NA
27911,TRUE,NA
453391,TRUE,NA
655946,TRUE,NA
196024,TRUE,NA
196079,TRUE,NA
203192,TRUE,NA
449679,FALSE,NA
92094,FALSE,NA
155721,FALSE,NA
820537,FALSE,1
109996,FALSE,NA
83224,FALSE,1
100806,FALSE,NA
105056,FALSE,NA
174392,FALSE,NA
105066,FALSE,NA
107220,FALSE,NA
92400,FALSE,NA
175102,FALSE,NA
81818,FALSE,NA
105416,FALSE,NA
94724,FALSE,1
93674,FALSE,NA
86691,FALSE,NA
153615,FALSE,NA
480612,FALSE,NA
495407,FALSE,NA
349499,FALSE,NA
110074,FALSE,NA
81066,FALSE,NA
487054,FALSE,NA
143847,FALSE,NA
92169,FALSE,NA
105207,FALSE,NA
416904,TRUE,NA
81007,FALSE,NA
168921,TRUE,NA
818053,FALSE,NA
729949,FALSE,NA
489188,FALSE,NA
82728,FALSE,NA
81278,FALSE,NA
84801,FALSE,NA
78950,FALSE,NA
687486,FALSE,NA
91387,FALSE,NA
486172,FALSE,NA
711224,TRUE,NA
96952,FALSE,NA
145286,FALSE,NA
96349,FALSE,1
81013,FALSE,NA
96043,FALSE,1
92224,FALSE,NA
484660,FALSE,NA
110225,FALSE,NA
155732,FALSE,NA
155973,FALSE,NA
79790,FALSE,NA
158062,FALSE,NA
80863,FALSE,NA
93658,FALSE,1
86527,FALSE,NA
95496,FALSE,NA
742381,FALSE,NA
175459,FALSE,NA
81593,FALSE,1
500030,FALSE,NA
81216,FALSE,1
95293,FALSE,NA
168573,FALSE,1
79299,FALSE,NA
80387,FALSE,1
652965,TRUE,NA
96579,FALSE,1
97389,FALSE,1
97546,FALSE,NA
485992,FALSE,NA
143847,FALSE,NA
106019,FALSE,NA
121573,FALSE,NA
79631,FALSE,NA
656329,FALSE,NA
120642,FALSE,NA
86492,FALSE,NA
80200,FALSE,NA
363091,TRUE,NA
169758,FALSE,1
84472,FALSE,1
145300,FALSE,NA
174344,FALSE,1
137309,FALSE,NA
97123,FALSE,1
486221,FALSE,1
643584,FALSE,1
751112,FALSE,1
156257,FALSE,NA
488283,FALSE,NA
84561,TRUE,NA
121393,FALSE,NA
486587,FALSE,NA
121789,FALSE,NA
174413,FALSE,1
489312,FALSE,NA
130811,FALSE,1
81521,FALSE,NA
119495,FALSE,1
137528,FALSE,NA
481946,FALSE,1
491597,FALSE,1
489455,FALSE,NA
489218,FALSE,NA
174418,FALSE,1
103589,FALSE,NA
83981,FALSE,1
84930,FALSE,1
110099,FALSE,NA
88679,FALSE,NA
92485,FALSE,NA
481111,FALSE,1
495353,FALSE,NA
94630,FALSE,NA
108953,FALSE,NA
82756,FALSE,NA
85162,FALSE,1
92032,FALSE,NA
143990,FALSE,NA
174431,FALSE,1
78977,FALSE,1
80116,TRUE,NA
96984,FALSE,1
492380,FALSE,1
105803,FALSE,NA
105497,FALSE,NA
96239,FALSE,NA
175339,FALSE,NA
98954,FALSE,NA
175259,FALSE,1
130326,FALSE,NA
175126,FALSE,1
95465,FALSE,NA
725308,FALSE,NA
85323,FALSE,NA
130300,FALSE,NA
100482,FALSE,NA
85334,FALSE,NA
82462,FALSE,1
105507,FALSE,NA
100443,FALSE,NA
82559,FALSE,1
83046,FALSE,NA
81474,FALSE,NA
95460,FALSE,NA
121236,FALSE,NA
84517,FALSE,NA
83428,FALSE,NA
96763,FALSE,NA
127686,FALSE,NA
83445,FALSE,1
98952,FALSE,1
169893,FALSE,1
175675,FALSE,NA
174580,FALSE,NA
79315,FALSE,NA
96631,FALSE,NA
98778,FALSE,NA
83617,FALSE,NA
114467,FALSE,NA
129615,FALSE,1
172096,FALSE,1
97743,FALSE,1
100971,FALSE,NA
159340,FALSE,1
79400,FALSE,1
172096,FALSE,1
126859,FALSE,NA
349520,FALSE,NA
494932,FALSE,NA
172097,FALSE,1
357749,FALSE,NA
9414,TRUE,NA
9412,TRUE,NA
9425,FALSE,NA
9403,TRUE,NA
13515,FALSE,NA
13521,FALSE,NA
481580,FALSE,NA
487595,FALSE,NA
175172,FALSE,1
831156,FALSE,NA
485113,FALSE,NA
485118,FALSE,1
823331,FALSE,NA
84021,FALSE,1
480354,FALSE,NA
486420,FALSE,NA
487884,FALSE,NA
482797,FALSE,NA
172078,FALSE,NA
13850,FALSE,1
746271,FALSE,NA
660978,TRUE,NA
662188,TRUE,NA
662196,TRUE,NA
363112,FALSE,NA
660588,TRUE,NA
662968,TRUE,NA
346163,FALSE,NA
352135,TRUE,1
94772,FALSE,1
92361,FALSE,NA
418800,FALSE,NA
366198,FALSE,NA
647340,FALSE,NA
405251,TRUE,NA
647377,FALSE,NA
705444,FALSE,NA
681665,FALSE,NA
395651,TRUE,NA
355219,FALSE,NA
346425,FALSE,1
813194,TRUE,NA
682809,FALSE,NA
821789,FALSE,NA
361002,FALSE,NA
361114,FALSE,NA
343642,TRUE,NA
361664,TRUE,NA
361658,TRUE,NA
361020,TRUE,NA
354227,TRUE,NA
745871,FALSE,NA
742440,FALSE,NA
201715,TRUE,NA
187960,FALSE,NA
189002,TRUE,NA
203566,TRUE,NA
191212,TRUE,NA
193062,TRUE,NA
232101,TRUE,NA
204060,TRUE,NA
195216,TRUE,NA
199025,TRUE,NA
207144,TRUE,NA
192822,TRUE,NA
203606,TRUE,NA
203408,TRUE,NA
657341,TRUE,NA
34931,TRUE,NA
268085,TRUE,NA
268285,TRUE,NA
267967,TRUE,NA
337191,TRUE,NA
340824,TRUE,NA
397986,TRUE,NA
338373,TRUE,NA
339923,TRUE,NA
335925,TRUE,NA
25670,TRUE,NA
353798,FALSE,NA
812923,TRUE,NA
354946,FALSE,NA
345955,FALSE,NA
355876,FALSE,NA
346145,FALSE,NA
346903,FALSE,NA
430511,FALSE,NA
380849,TRUE,NA
382890,FALSE,NA
426925,FALSE,NA
354283,FALSE,NA
383223,FALSE,NA
381267,FALSE,NA
660787,FALSE,NA
425734,FALSE,NA
414404,TRUE,NA
408643,TRUE,NA
335741,FALSE,NA
426224,FALSE,NA
660429,FALSE,NA
702334,TRUE,NA
407981,TRUE,NA
660445,FALSE,NA
711511,TRUE,NA
702330,TRUE,NA
409835,TRUE,NA
426162,FALSE,NA
409703,TRUE,NA
202793,TRUE,NA
9044,TRUE,NA
25297,TRUE,NA
1480,TRUE,NA
8391,TRUE,NA
227047,TRUE,NA
826747,FALSE,NA
9364,TRUE,NA
8025,TRUE,NA
9151,TRUE,NA
500547,TRUE,NA
20178,TRUE,NA
200113,TRUE,NA
198998,TRUE,NA
206973,TRUE,NA
13854,FALSE,1
237087,TRUE,NA
4754,TRUE,NA
198718,FALSE,NA
193608,FALSE,NA
2342,TRUE,NA
3610,FALSE,NA
196352,TRUE,NA
770967,TRUE,NA
825963,FALSE,NA
199332,TRUE,NA
503893,TRUE,NA
199435,TRUE,NA
821352,TRUE,NA
200289,TRUE,NA
718147,FALSE,1
200170,TRUE,NA
200347,TRUE,NA
237850,TRUE,NA
209114,FALSE,NA
501612,TRUE,NA
7891,FALSE,NA
198130,FALSE,NA
17478,FALSE,NA
715539,TRUE,NA
8371,TRUE,NA
206231,TRUE,NA
502398,FALSE,NA
841665,FALSE,NA
504883,FALSE,NA
7546,TRUE,NA
503049,TRUE,NA
21307,FALSE,NA
199411,TRUE,NA
231573,TRUE,NA
8223,TRUE,NA
8027,FALSE,NA
198836,TRUE,NA
9780,TRUE,NA
1324,FALSE,NA
9615,TRUE,NA
189275,FALSE,NA
504009,TRUE,NA
187189,TRUE,NA
4950,TRUE,NA
718141,FALSE,1
200155,TRUE,NA
8793,TRUE,NA
200015,FALSE,NA
6573,TRUE,NA
16857,TRUE,NA
188490,TRUE,NA
8672,TRUE,NA
504095,FALSE,NA
20731,FALSE,NA
206748,FALSE,NA
9716,FALSE,NA
204579,TRUE,NA
204541,FALSE,NA
801,TRUE,NA
191646,FALSE,NA
188857,TRUE,NA
202905,TRUE,NA
2671,TRUE,NA
200145,TRUE,NA
7566,TRUE,NA
204682,TRUE,NA
236122,TRUE,NA
13905,FALSE,1
188857,TRUE,NA
4577,TRUE,NA
503347,TRUE,NA
17530,FALSE,NA
504314,FALSE,NA
7843,TRUE,NA
770922,TRUE,NA
5374,TRUE,NA
206419,TRUE,NA
718130,FALSE,1
200757,TRUE,NA
207230,TRUE,NA
236751,TRUE,NA
16718,FALSE,NA
232356,TRUE,1
5600,TRUE,NA
13407,TRUE,NA
207694,TRUE,NA
200398,TRUE,NA
192888,TRUE,NA
194096,TRUE,NA
773049,TRUE,NA
5837,TRUE,NA
204538,TRUE,NA
201766,TRUE,NA
199167,TRUE,NA
200843,FALSE,NA
227405,TRUE,NA
203162,TRUE,NA
207053,TRUE,NA
237727,FALSE,NA
200649,TRUE,NA
207068,TRUE,NA
211022,FALSE,NA
210976,FALSE,NA
211041,FALSE,NA
209355,TRUE,NA
658670,TRUE,NA
205137,TRUE,NA
198651,TRUE,NA
205991,TRUE,NA
189036,TRUE,NA
205956,TRUE,NA
203238,TRUE,NA
191227,FALSE,NA
838288,FALSE,NA
843358,FALSE,NA
18861,TRUE,NA
751301,FALSE,NA
378139,TRUE,NA
379746,TRUE,NA
843211,FALSE,NA
840650,FALSE,NA
113723,FALSE,NA
379975,TRUE,NA
91632,FALSE,NA
751287,FALSE,NA
760184,FALSE,NA
380055,TRUE,NA
378883,TRUE,NA
748385,FALSE,NA
190751,FALSE,NA
227649,TRUE,NA
379357,TRUE,NA
828643,FALSE,NA
378655,TRUE,NA
765399,FALSE,NA
835240,FALSE,NA
378570,TRUE,NA
378527,TRUE,NA
21626,FALSE,NA
113723,FALSE,NA
378079,FALSE,NA
114593,FALSE,NA
378329,TRUE,NA
20316,FALSE,NA
839667,FALSE,NA
191771,FALSE,NA
378865,TRUE,NA
378962,TRUE,NA
378282,TRUE,NA
173892,FALSE,NA
503817,FALSE,NA
838046,FALSE,NA
380265,FALSE,NA
378537,TRUE,NA
3740,TRUE,NA
378227,TRUE,NA
378216,TRUE,NA
379587,TRUE,NA
379695,FALSE,NA
378485,TRUE,NA
499939,FALSE,NA
379030,TRUE,NA
84334,FALSE,NA
158807,FALSE,NA
169998,FALSE,NA
480264,FALSE,NA
14033,FALSE,NA
480451,FALSE,NA
831153,FALSE,NA
490252,FALSE,NA
485179,FALSE,NA
14027,FALSE,NA
490865,FALSE,NA
9321,FALSE,NA
159406,FALSE,1
480461,FALSE,NA
480071,FALSE,NA
484975,FALSE,NA
480438,FALSE,NA
675957,TRUE,NA
19967,FALSE,NA
716892,FALSE,1
203033,TRUE,NA
207196,TRUE,NA
22723,TRUE,NA
5995,TRUE,NA
569689,TRUE,NA
713465,TRUE,NA
251283,TRUE,NA
683512,TRUE,NA
461030,TRUE,NA
327154,TRUE,NA
552026,TRUE,NA
314935,FALSE,NA
308468,TRUE,NA
314476,TRUE,NA
553048,FALSE,NA
759939,TRUE,NA
240296,TRUE,NA
326030,TRUE,NA
174185,FALSE,NA
353217,FALSE,NA
820987,FALSE,NA
249401,TRUE,NA
75407,TRUE,NA
33812,FALSE,NA
450004,TRUE,NA
214119,TRUE,NA
251620,TRUE,NA
41107,TRUE,NA
29738,FALSE,NA
242629,TRUE,NA
59808,TRUE,NA
501395,TRUE,NA
454023,TRUE,NA
255931,FALSE,NA
80575,FALSE,NA
60611,TRUE,NA
51244,FALSE,NA
318097,FALSE,NA
554938,TRUE,NA
668936,TRUE,NA
314981,FALSE,NA
463387,TRUE,NA
252232,FALSE,NA
214919,TRUE,NA
688474,TRUE,NA
363283,TRUE,NA
559657,FALSE,NA
221432,TRUE,NA
696686,FALSE,NA
317716,FALSE,NA
46911,TRUE,NA
747332,FALSE,NA
445324,TRUE,NA
290161,FALSE,NA
468058,TRUE,NA
307974,TRUE,NA
105460,FALSE,NA
250592,TRUE,NA
215178,TRUE,NA
13855,TRUE,NA
39911,TRUE,NA
546213,TRUE,NA
62644,TRUE,NA
206355,TRUE,NA
249061,TRUE,NA
308108,TRUE,NA
102307,FALSE,NA
547214,TRUE,NA
285354,FALSE,NA
221104,TRUE,NA
127593,TRUE,NA
461362,TRUE,NA
547525,TRUE,NA
8096,FALSE,NA
826973,FALSE,NA
40743,TRUE,NA
450267,FALSE,NA
173700,FALSE,NA
446584,TRUE,NA
460890,TRUE,NA
27741,FALSE,NA
314673,FALSE,NA
734,TRUE,NA
108410,TRUE,NA
678428,TRUE,NA
190326,FALSE,NA
316931,TRUE,NA
318268,FALSE,NA
472184,TRUE,NA
252757,TRUE,NA
24321,TRUE,NA
721405,TRUE,NA
72167,TRUE,NA
61571,TRUE,NA
322014,TRUE,NA
12986,TRUE,NA
240512,TRUE,NA
683631,TRUE,NA
9886,FALSE,NA
42076,TRUE,NA
247429,TRUE,NA
467185,TRUE,NA
106414,FALSE,NA
224281,FALSE,NA
124500,FALSE,NA
74892,TRUE,NA
709977,TRUE,NA
760909,FALSE,NA
215724,FALSE,NA
250908,TRUE,NA
121708,FALSE,NA
185324,FALSE,NA
249879,TRUE,NA
560391,TRUE,NA
553244,FALSE,NA
559975,TRUE,NA
577272,FALSE,NA
729106,TRUE,NA
309227,TRUE,NA
68274,TRUE,NA
289818,FALSE,NA
22348,TRUE,NA
567688,FALSE,NA
27631,FALSE,NA
245464,TRUE,NA
243633,TRUE,NA
550069,FALSE,NA
465791,TRUE,NA
61763,FALSE,NA
63755,TRUE,NA
813932,FALSE,NA
116948,TRUE,NA
241109,TRUE,NA
760910,FALSE,NA
670273,TRUE,NA
383700,FALSE,NA
699435,TRUE,NA
157648,TRUE,NA
288731,TRUE,NA
334040,TRUE,NA
556244,FALSE,NA
712543,FALSE,NA
200496,FALSE,NA
469873,TRUE,NA
753064,TRUE,NA
207002,TRUE,NA
444163,TRUE,NA
102311,TRUE,NA
324936,TRUE,NA
257018,TRUE,NA
363264,TRUE,NA
468657,TRUE,NA
60325,TRUE,NA
321957,TRUE,NA
317054,TRUE,NA
241444,TRUE,NA
650863,FALSE,NA
63578,FALSE,NA
30491,FALSE,NA
547555,TRUE,NA
252852,TRUE,NA
563313,FALSE,NA
26927,FALSE,NA
67277,TRUE,NA
46187,TRUE,NA
124025,FALSE,NA
255969,FALSE,NA
113187,FALSE,NA
51626,FALSE,NA
219203,FALSE,NA
565433,TRUE,NA
242039,TRUE,NA
544125,TRUE,NA
309768,FALSE,NA
568568,FALSE,NA
215008,FALSE,NA
590377,TRUE,NA
28138,FALSE,NA
8271,TRUE,NA
355932,FALSE,NA
317008,FALSE,NA
109508,FALSE,NA
248765,FALSE,NA
464993,FALSE,NA
501929,FALSE,NA
312134,FALSE,NA
713410,TRUE,NA
559168,TRUE,NA
471559,TRUE,NA
252344,TRUE,NA
569699,FALSE,NA
51422,TRUE,NA
308603,TRUE,NA
781633,FALSE,NA
246753,TRUE,NA
837987,FALSE,NA
308837,TRUE,NA
241480,TRUE,NA
547746,TRUE,NA
192003,FALSE,NA
447204,TRUE,NA
205238,TRUE,NA
695741,TRUE,NA
31419,TRUE,NA
38646,TRUE,NA
194614,TRUE,NA
50423,TRUE,NA
158376,TRUE,NA
693547,TRUE,NA
252375,FALSE,NA
189658,TRUE,NA
248615,FALSE,NA
551970,TRUE,NA
221340,FALSE,NA
201114,TRUE,NA
475369,TRUE,NA
250176,TRUE,NA
563474,FALSE,NA
251626,TRUE,NA
670305,TRUE,NA
196043,TRUE,NA
205494,FALSE,NA
463141,TRUE,NA
227869,TRUE,NA
449652,TRUE,NA
708848,TRUE,NA
200612,TRUE,NA
43657,TRUE,NA
784095,FALSE,NA
61716,TRUE,NA
193332,TRUE,NA
451806,TRUE,NA
225160,TRUE,NA
227367,FALSE,NA
116217,TRUE,NA
251618,TRUE,NA
550685,FALSE,NA
29148,TRUE,NA
691881,TRUE,NA
464695,TRUE,NA
749978,TRUE,NA
338849,TRUE,NA
203277,TRUE,NA
694240,TRUE,NA
814535,FALSE,NA
222242,TRUE,NA
544434,TRUE,NA
68923,TRUE,NA
252887,TRUE,NA
316819,TRUE,NA
683761,TRUE,NA
62016,TRUE,NA
463376,TRUE,NA
316296,TRUE,NA
158097,TRUE,NA
463672,TRUE,NA
91765,FALSE,NA
504220,FALSE,NA
52555,TRUE,NA
245550,TRUE,NA
670470,TRUE,NA
243398,TRUE,NA
785269,FALSE,NA
42031,TRUE,NA
119685,FALSE,NA
549422,FALSE,NA
124191,FALSE,NA
784413,FALSE,NA
310569,TRUE,NA
591054,TRUE,NA
455382,FALSE,NA
52609,TRUE,NA
769090,FALSE,NA
250809,FALSE,NA
40910,TRUE,NA
561327,FALSE,NA
753066,TRUE,NA
753059,TRUE,NA
71776,TRUE,NA
245152,FALSE,NA
250970,FALSE,NA
98060,TRUE,NA
623266,TRUE,NA
4084,TRUE,NA
683615,TRUE,NA
216027,FALSE,NA
772482,TRUE,NA
248355,FALSE,NA
248918,FALSE,NA
312929,TRUE,NA
69938,TRUE,NA
28395,FALSE,NA
211932,FALSE,NA
786474,FALSE,NA
187615,TRUE,NA
346321,TRUE,NA
444457,FALSE,NA
214548,TRUE,NA
214348,TRUE,NA
721930,TRUE,NA
658910,FALSE,NA
568343,TRUE,NA
22421,FALSE,NA
52579,TRUE,NA
195799,TRUE,NA
317429,TRUE,NA
548847,TRUE,NA
318247,FALSE,NA
550565,TRUE,NA
62671,TRUE,NA
62853,TRUE,NA
772247,TRUE,NA
310806,FALSE,NA
323841,TRUE,NA
572152,FALSE,NA
249506,TRUE,NA
237990,TRUE,NA
472248,TRUE,NA
254929,TRUE,NA
120939,FALSE,NA
61083,TRUE,NA
308951,TRUE,NA
321956,TRUE,NA
322585,TRUE,NA
103157,TRUE,NA
201489,FALSE,NA
824537,TRUE,NA
559023,TRUE,NA
60141,TRUE,NA
57372,TRUE,NA
120363,FALSE,NA
545649,FALSE,NA
215488,TRUE,NA
317628,FALSE,NA
559429,FALSE,NA
693399,TRUE,NA
558532,FALSE,NA
449017,TRUE,NA
565410,TRUE,NA
289843,FALSE,NA
43903,TRUE,NA
168469,TRUE,NA
30037,FALSE,NA
572183,TRUE,NA
554182,FALSE,NA
308846,TRUE,NA
216607,TRUE,NA
210085,TRUE,NA
445289,TRUE,NA
691799,TRUE,NA
28871,FALSE,NA
60108,TRUE,NA
91802,FALSE,NA
721605,TRUE,NA
245892,TRUE,NA
742340,TRUE,NA
225201,FALSE,NA
733522,TRUE,NA
62119,TRUE,NA
310184,FALSE,NA
168629,TRUE,NA
552835,FALSE,NA
457256,FALSE,NA
558487,FALSE,NA
562903,FALSE,NA
71883,TRUE,NA
251998,TRUE,NA
29478,TRUE,NA
247822,TRUE,NA
16808,FALSE,NA
21676,TRUE,NA
465742,TRUE,NA
197654,TRUE,NA
59322,TRUE,NA
31242,TRUE,NA
444238,TRUE,NA
118755,TRUE,NA
108091,TRUE,NA
108092,TRUE,NA
50486,TRUE,NA
216054,FALSE,NA
710008,TRUE,NA
185867,TRUE,NA
544249,TRUE,NA
254029,FALSE,NA
69287,TRUE,NA
703496,TRUE,NA
560485,TRUE,NA
47569,TRUE,NA
38679,TRUE,NA
14120,TRUE,NA
548935,TRUE,NA
733419,TRUE,NA
168550,FALSE,NA
568893,FALSE,NA
444110,TRUE,NA
552186,TRUE,NA
225176,TRUE,NA
127511,TRUE,NA
249452,TRUE,NA
573229,FALSE,NA
563307,FALSE,NA
489096,FALSE,NA
209854,TRUE,NA
448354,TRUE,NA
545722,TRUE,NA
310059,TRUE,NA
29560,TRUE,NA
241434,TRUE,NA
502170,FALSE,NA
30908,TRUE,NA
50914,TRUE,NA
50129,TRUE,NA
570198,TRUE,NA
564518,FALSE,NA
772243,TRUE,NA
693371,TRUE,NA
245510,TRUE,NA
696063,TRUE,NA
220803,TRUE,NA
220033,TRUE,NA
198909,TRUE,NA
254875,TRUE,NA
157869,TRUE,NA
693194,TRUE,NA
213195,TRUE,NA
37856,TRUE,NA
219472,TRUE,NA
478861,TRUE,NA
215901,FALSE,NA
104093,FALSE,NA
548052,TRUE,NA
57394,TRUE,NA
49915,TRUE,NA
569622,FALSE,NA
243312,TRUE,NA
669682,TRUE,NA
686994,TRUE,NA
38717,FALSE,NA
206591,TRUE,NA
198109,TRUE,NA
254080,FALSE,NA
45620,TRUE,NA
470899,TRUE,NA
24198,FALSE,NA
122152,FALSE,NA
194585,TRUE,NA
100170,TRUE,NA
625943,TRUE,NA
59756,TRUE,NA
764250,TRUE,NA
37495,FALSE,NA
247232,TRUE,NA
241114,TRUE,NA
308511,TRUE,NA
475004,TRUE,NA
317180,FALSE,NA
313856,FALSE,NA
554217,FALSE,NA
39188,TRUE,NA
449722,TRUE,NA
552989,FALSE,NA
308981,TRUE,NA
31316,FALSE,NA
564560,FALSE,NA
112715,TRUE,NA
746215,FALSE,NA
317277,TRUE,NA
546657,TRUE,NA
567826,FALSE,NA
313946,FALSE,NA
68519,TRUE,NA
62392,TRUE,NA
465351,FALSE,NA
91863,TRUE,NA
251259,TRUE,NA
218796,TRUE,NA
5948,TRUE,NA
68246,TRUE,NA
50165,TRUE,NA
561241,FALSE,NA
59037,TRUE,NA
244421,TRUE,NA
186318,TRUE,NA
571910,FALSE,NA
4257,TRUE,NA
63052,TRUE,NA
240883,FALSE,NA
363404,FALSE,NA
114152,FALSE,NA
678598,TRUE,NA
684576,TRUE,NA
713706,TRUE,NA
220649,TRUE,NA
762719,TRUE,NA
59339,TRUE,NA
558935,FALSE,NA
86913,TRUE,NA
552394,TRUE,NA
314672,FALSE,NA
586,TRUE,NA
455498,FALSE,NA
343787,FALSE,NA
362727,FALSE,NA
689816,FALSE,NA
19726,TRUE,NA
324730,TRUE,NA
556962,TRUE,NA
569734,FALSE,NA
625896,TRUE,NA
558767,FALSE,NA
379614,TRUE,NA
70948,FALSE,NA
239872,FALSE,NA
195366,TRUE,NA
26604,FALSE,NA
315545,TRUE,NA
547920,TRUE,NA
84459,FALSE,NA
225978,FALSE,NA
551517,TRUE,NA
569686,FALSE,NA
450318,TRUE,NA
468313,TRUE,NA
683683,TRUE,NA
756159,TRUE,NA
107208,TRUE,NA
196301,FALSE,NA
5271,TRUE,NA
308736,TRUE,NA
217369,FALSE,NA
69564,FALSE,NA
244180,TRUE,NA
229308,TRUE,NA
781641,FALSE,NA
467229,TRUE,NA
289811,FALSE,NA
67851,TRUE,NA
254775,TRUE,NA
327477,TRUE,NA
369749,TRUE,NA
318546,TRUE,NA
683768,TRUE,NA
98388,TRUE,NA
69670,TRUE,NA
32155,FALSE,NA
251134,TRUE,NA
108081,TRUE,NA
71986,FALSE,NA
243059,TRUE,NA
456897,FALSE,NA
552411,TRUE,NA
41433,TRUE,NA
728536,TRUE,NA
42963,TRUE,NA
545840,FALSE,NA
735917,TRUE,NA
570480,FALSE,NA
257775,FALSE,NA
223858,FALSE,NA
550679,FALSE,NA
103449,FALSE,NA
42576,TRUE,NA
587604,FALSE,NA
571177,FALSE,NA
553513,FALSE,NA
42707,TRUE,NA
224657,TRUE,NA
199349,TRUE,NA
560413,TRUE,NA
246482,TRUE,NA
90775,TRUE,NA
555653,TRUE,NA
443301,TRUE,NA
89802,FALSE,NA
504835,FALSE,NA
68547,TRUE,NA
228407,TRUE,NA
689635,FALSE,NA
444597,TRUE,NA
784508,FALSE,NA
689277,TRUE,NA
42742,TRUE,NA
465540,TRUE,NA
107095,FALSE,NA
252099,TRUE,NA
23698,TRUE,NA
564220,FALSE,NA
382501,TRUE,NA
460527,TRUE,NA
31809,TRUE,NA
200775,TRUE,NA
559943,FALSE,NA
64212,TRUE,NA
741864,TRUE,NA
569552,FALSE,NA
464075,TRUE,NA
555337,TRUE,NA
838842,FALSE,NA
69795,TRUE,NA
231888,FALSE,NA
30347,FALSE,NA
41294,TRUE,NA
242355,TRUE,NA
668539,TRUE,NA
52545,FALSE,NA
451195,TRUE,NA
218803,TRUE,NA
445483,TRUE,NA
28615,FALSE,NA
68244,TRUE,NA
325659,TRUE,NA
451941,TRUE,NA
226063,FALSE,NA
38356,TRUE,NA
227435,FALSE,NA
63102,TRUE,NA
236654,FALSE,NA
547399,TRUE,NA
211766,FALSE,NA
250412,TRUE,NA
678544,TRUE,NA
501000,FALSE,NA
548803,FALSE,NA
766020,TRUE,NA
310341,FALSE,NA
257124,TRUE,NA
59779,TRUE,NA
245884,TRUE,NA
22784,FALSE,NA
29695,TRUE,NA
38983,TRUE,NA
667507,TRUE,NA
313459,TRUE,NA
257083,TRUE,NA
290012,FALSE,NA
551699,TRUE,NA
40047,TRUE,NA
326828,TRUE,NA
750417,TRUE,NA
559543,TRUE,NA
314871,TRUE,NA
195739,TRUE,NA
42118,TRUE,NA
196855,TRUE,NA
32287,FALSE,NA
228730,TRUE,NA
24412,FALSE,NA
568539,FALSE,NA
545650,FALSE,NA
315354,TRUE,NA
823759,TRUE,NA
457165,TRUE,NA
215406,TRUE,NA
390476,FALSE,NA
59967,TRUE,NA
504923,FALSE,NA
169682,TRUE,NA
461037,TRUE,NA
252226,FALSE,NA
315954,FALSE,NA
468378,TRUE,NA
66562,TRUE,NA
749135,TRUE,NA
69913,TRUE,NA
315151,TRUE,NA
193884,TRUE,NA
227170,TRUE,NA
240030,TRUE,NA
558721,FALSE,NA
691731,TRUE,NA
548497,FALSE,NA
22118,FALSE,NA
100316,FALSE,NA
52409,TRUE,NA
554948,TRUE,NA
254281,TRUE,NA
552939,FALSE,NA
42241,TRUE,NA
458461,FALSE,NA
561643,TRUE,NA
224487,TRUE,NA
545667,FALSE,NA
70379,FALSE,NA
41103,TRUE,NA
784493,FALSE,NA
571944,TRUE,NA
41132,TRUE,NA
43624,TRUE,NA
25043,TRUE,NA
196351,TRUE,NA
319211,FALSE,NA
215054,TRUE,NA
3109,TRUE,NA
469814,TRUE,NA
34482,TRUE,NA
173345,TRUE,NA
448645,TRUE,NA
226568,TRUE,NA
464854,TRUE,NA
552807,FALSE,NA
189579,TRUE,NA
720181,FALSE,NA
320804,TRUE,NA
244768,FALSE,NA
26367,TRUE,NA
464831,TRUE,NA
324068,TRUE,NA
505362,FALSE,NA
548014,TRUE,NA
61200,TRUE,NA
824109,FALSE,NA
75877,TRUE,NA
62408,TRUE,NA
443271,TRUE,NA
315664,TRUE,NA
500748,TRUE,NA
678334,TRUE,NA
38745,FALSE,NA
69449,FALSE,NA
587903,FALSE,NA
32396,FALSE,NA
377756,FALSE,NA
548800,FALSE,NA
70630,TRUE,NA
51037,TRUE,NA
691660,TRUE,NA
117644,FALSE,NA
23637,TRUE,NA
191719,TRUE,NA
449197,TRUE,NA
84304,TRUE,NA
472317,TRUE,NA
573716,FALSE,NA
314273,FALSE,NA
824493,TRUE,NA
450137,FALSE,NA
227062,TRUE,NA
505987,FALSE,NA
247127,FALSE,NA
71304,TRUE,NA
42911,TRUE,NA
65008,TRUE,NA
8008,TRUE,NA
116973,TRUE,NA
102447,TRUE,NA
558746,FALSE,NA
192587,FALSE,NA
668904,TRUE,NA
230123,TRUE,NA
201423,TRUE,NA
223483,TRUE,NA
63890,TRUE,NA
477270,TRUE,NA
703559,TRUE,NA
218443,FALSE,NA
22534,FALSE,NA
752868,TRUE,NA
242266,TRUE,NA
70830,FALSE,NA
116653,FALSE,NA
456952,TRUE,NA
169186,FALSE,NA
218014,TRUE,NA
113293,TRUE,NA
16147,FALSE,NA
315574,TRUE,NA
473682,TRUE,NA
34784,TRUE,NA
196297,TRUE,NA
475509,TRUE,NA
38298,TRUE,NA
326401,TRUE,NA
468557,TRUE,NA
27761,FALSE,NA
190427,FALSE,NA
5883,TRUE,NA
224819,TRUE,NA
547580,TRUE,NA
554918,TRUE,NA
22198,TRUE,NA
70633,TRUE,NA
13689,TRUE,NA
392696,TRUE,NA
89970,TRUE,NA
46243,TRUE,NA
562351,TRUE,NA
27688,TRUE,NA
38571,TRUE,NA
737093,TRUE,NA
683315,TRUE,NA
346493,TRUE,NA
323761,TRUE,NA
3758,TRUE,NA
560474,TRUE,NA
753156,TRUE,NA
501407,FALSE,NA
41100,TRUE,NA
558622,FALSE,NA
686862,TRUE,NA
230832,FALSE,NA
214859,TRUE,NA
122603,FALSE,NA
218952,FALSE,NA
461245,TRUE,NA
569624,FALSE,NA
63435,TRUE,NA
463536,TRUE,NA
571323,FALSE,NA
49714,TRUE,NA
59110,TRUE,NA
570375,FALSE,NA
8977,FALSE,NA
737304,TRUE,NA
313765,FALSE,NA
741806,TRUE,NA
446484,TRUE,NA
444075,TRUE,NA
241319,TRUE,NA
247795,TRUE,NA
310995,FALSE,NA
22392,TRUE,NA
466601,FALSE,NA
221263,TRUE,NA
109179,TRUE,NA
457858,TRUE,NA
63861,TRUE,NA
457643,TRUE,NA
240225,TRUE,NA
699104,TRUE,NA
247195,FALSE,NA
85651,FALSE,NA
477757,TRUE,NA
42165,TRUE,NA
564550,TRUE,NA
225877,FALSE,NA
318471,TRUE,NA
256771,TRUE,NA
246881,FALSE,NA
227371,TRUE,NA
555447,FALSE,NA
209613,TRUE,NA
327786,TRUE,NA
315990,FALSE,NA
555831,TRUE,NA
61691,FALSE,NA
569137,FALSE,NA
453460,TRUE,NA
202497,TRUE,NA
451444,TRUE,NA
704017,TRUE,NA
312589,TRUE,NA
3798,TRUE,NA
49514,TRUE,NA
230158,TRUE,NA
16735,FALSE,NA
43010,TRUE,NA
60436,TRUE,NA
321827,TRUE,NA
444447,TRUE,NA
315886,FALSE,NA
228448,TRUE,NA
632104,TRUE,NA
31638,TRUE,NA
555117,FALSE,NA
29419,FALSE,NA
554166,FALSE,NA
563853,FALSE,NA
785237,FALSE,NA
547010,TRUE,NA
445708,TRUE,NA
692047,TRUE,NA
678571,TRUE,NA
555037,TRUE,NA
759791,TRUE,NA
766185,TRUE,NA
327431,TRUE,NA
241586,TRUE,NA
573130,TRUE,NA
544380,FALSE,NA
314907,FALSE,NA
24056,FALSE,NA
699101,TRUE,NA
211957,FALSE,NA
311739,FALSE,NA
214223,TRUE,NA
45449,TRUE,NA
39097,TRUE,NA
554257,FALSE,NA
670451,TRUE,NA
463132,TRUE,NA
173644,FALSE,NA
223465,TRUE,NA
501373,TRUE,NA
449092,TRUE,NA
192891,TRUE,NA
554606,TRUE,NA
318282,TRUE,NA
109376,FALSE,NA
37819,TRUE,NA
66667,TRUE,NA
107654,TRUE,NA
80400,FALSE,NA
194414,TRUE,NA
590524,FALSE,NA
689527,TRUE,NA
320054,TRUE,NA
467432,FALSE,NA
465091,TRUE,NA
218229,TRUE,NA
367451,TRUE,NA
255481,TRUE,NA
50643,TRUE,NA
334504,FALSE,NA
326672,TRUE,NA
74964,FALSE,NA
550923,TRUE,NA
324853,TRUE,NA
7327,FALSE,NA
38959,TRUE,NA
457137,TRUE,NA
545665,FALSE,NA
70130,TRUE,NA
452077,TRUE,NA
547287,TRUE,NA
41312,TRUE,NA
4573,TRUE,NA
246145,TRUE,NA
445599,TRUE,NA
21981,TRUE,NA
1007,TRUE,NA
555677,FALSE,NA
120530,FALSE,NA
461430,TRUE,NA
67767,TRUE,NA
25590,TRUE,NA
675893,FALSE,NA
327503,TRUE,NA
313263,TRUE,NA
251127,FALSE,NA
323918,TRUE,NA
547028,TRUE,NA
751564,FALSE,NA
550620,FALSE,NA
194369,TRUE,NA
704198,TRUE,NA
729085,TRUE,NA
447197,TRUE,NA
119056,FALSE,NA
446894,TRUE,NA
31024,TRUE,NA
566755,FALSE,NA
243013,TRUE,NA
451216,FALSE,NA
733296,TRUE,NA
447292,TRUE,NA
740967,TRUE,NA
62645,TRUE,NA
187994,FALSE,NA
448213,TRUE,NA
217097,FALSE,NA
823651,TRUE,NA
66682,TRUE,NA
223583,TRUE,NA
40690,TRUE,NA
189738,TRUE,NA
38745,FALSE,NA
718586,TRUE,NA
23063,FALSE,NA
550565,TRUE,NA
669684,TRUE,NA
170547,TRUE,NA
251427,TRUE,NA
326016,TRUE,NA
708970,TRUE,NA
321615,TRUE,NA
122240,FALSE,NA
41757,TRUE,NA
772530,TRUE,NA
27248,FALSE,NA
98243,TRUE,NA
690985,FALSE,NA
229769,TRUE,NA
196836,TRUE,NA
734998,FALSE,NA
670430,TRUE,NA
571042,FALSE,NA
220722,TRUE,NA
157868,TRUE,NA
191453,FALSE,NA
212893,TRUE,NA
204172,TRUE,NA
123762,FALSE,NA
102338,TRUE,NA
819804,FALSE,NA
174284,FALSE,NA
473701,FALSE,NA
768161,TRUE,NA
252550,TRUE,NA
449755,TRUE,NA
822661,FALSE,NA
703810,TRUE,NA
60810,TRUE,NA
678396,TRUE,NA
500646,TRUE,NA
211775,FALSE,NA
448269,TRUE,NA
244028,TRUE,NA
559627,FALSE,NA
89,TRUE,NA
106212,FALSE,NA
544740,TRUE,NA
203634,TRUE,NA
252634,TRUE,NA
323410,TRUE,NA
323369,TRUE,NA
222650,TRUE,NA
240998,TRUE,NA
157319,TRUE,NA
33470,TRUE,NA
386571,TRUE,NA
242617,TRUE,NA
250638,TRUE,NA
33716,FALSE,NA
547055,TRUE,NA
545099,TRUE,NA
40118,TRUE,NA
319234,TRUE,NA
782045,FALSE,NA
69263,TRUE,NA
255293,FALSE,NA
243073,FALSE,NA
76595,TRUE,NA
683539,TRUE,NA
545830,FALSE,NA
52087,TRUE,NA
704337,TRUE,NA
447099,TRUE,NA
568903,FALSE,NA
325818,TRUE,NA
66513,TRUE,NA
26771,TRUE,NA
555251,FALSE,NA
189842,FALSE,NA
65887,TRUE,NA
445458,TRUE,NA
308191,TRUE,NA
543918,FALSE,NA
503597,FALSE,NA
217054,TRUE,NA
742216,TRUE,NA
34026,FALSE,NA
694348,TRUE,NA
315554,TRUE,NA
547465,TRUE,NA
502126,FALSE,NA
195952,TRUE,NA
241352,FALSE,NA
696039,TRUE,NA
216800,TRUE,NA
67357,TRUE,NA
188480,TRUE,NA
249920,TRUE,NA
327668,TRUE,NA
59912,TRUE,NA
471803,TRUE,NA
12884,TRUE,NA
464137,TRUE,NA
311591,FALSE,NA
240089,TRUE,NA
227677,FALSE,NA
316040,FALSE,NA
327615,TRUE,NA
65777,TRUE,NA
227782,FALSE,NA
72832,TRUE,NA
718551,TRUE,NA
173582,FALSE,NA
211558,FALSE,NA
249596,TRUE,NA
363282,TRUE,NA
107439,FALSE,NA
62100,TRUE,NA
64310,TRUE,NA
252441,TRUE,NA
785320,FALSE,NA
504713,FALSE,NA
763238,FALSE,NA
186319,TRUE,NA
31457,TRUE,NA
670686,FALSE,NA
25615,FALSE,NA
555574,TRUE,NA
29804,FALSE,NA
49700,TRUE,NA
471016,TRUE,NA
750534,TRUE,NA
544891,TRUE,NA
456222,TRUE,NA
450237,FALSE,NA
62118,TRUE,NA
47175,TRUE,NA
386782,TRUE,NA
66182,TRUE,NA
50992,TRUE,NA
244069,TRUE,NA
560644,FALSE,NA
254424,TRUE,NA
718741,TRUE,NA
83878,TRUE,NA
82879,TRUE,NA
318009,FALSE,NA
39361,TRUE,NA
759953,TRUE,NA
468212,TRUE,NA
371593,FALSE,NA
291838,TRUE,NA
58377,TRUE,NA
327825,TRUE,NA
556631,TRUE,NA
309809,FALSE,NA
324200,TRUE,NA
326802,TRUE,NA
255385,TRUE,NA
50198,TRUE,NA
40287,TRUE,NA
22037,FALSE,NA
32750,FALSE,NA
249184,TRUE,NA
209958,TRUE,NA
127265,FALSE,NA
544966,TRUE,NA
98445,TRUE,NA
549713,TRUE,NA
745257,TRUE,NA
552883,FALSE,NA
312872,TRUE,NA
762900,TRUE,NA
9088,TRUE,NA
699248,TRUE,NA
242528,TRUE,NA
248160,TRUE,NA
9090,TRUE,NA
202570,TRUE,NA
740150,TRUE,NA
311509,FALSE,NA
786412,FALSE,NA
772289,TRUE,NA
443993,TRUE,NA
64297,TRUE,NA
252444,TRUE,NA
448625,TRUE,NA
443424,TRUE,NA
545151,TRUE,NA
552159,TRUE,NA
30474,FALSE,NA
219958,TRUE,NA
205767,TRUE,NA
627,TRUE,NA
314026,FALSE,NA
457708,TRUE,NA
90132,TRUE,NA
547042,TRUE,NA
326564,TRUE,NA
569922,FALSE,NA
568406,FALSE,NA
553174,TRUE,NA
217410,FALSE,NA
61694,TRUE,NA
820050,FALSE,NA
567748,FALSE,NA
81708,TRUE,NA
667551,TRUE,NA
30865,FALSE,NA
451741,TRUE,NA
31721,FALSE,NA
225081,TRUE,NA
35781,FALSE,NA
41710,TRUE,NA
76605,TRUE,NA
252930,TRUE,NA
549439,FALSE,NA
556946,TRUE,NA
321975,TRUE,NA
780196,FALSE,NA
244359,TRUE,NA
752814,TRUE,NA
29466,TRUE,NA
208095,FALSE,NA
44432,TRUE,NA
467345,TRUE,NA
253509,FALSE,NA
225898,FALSE,NA
546222,FALSE,NA
327191,TRUE,NA
192621,FALSE,NA
257831,TRUE,NA
53660,TRUE,NA
243789,TRUE,NA
678449,TRUE,NA
49397,TRUE,NA
53600,TRUE,NA
460722,TRUE,NA
200227,TRUE,NA
468860,TRUE,NA
559101,TRUE,NA
556740,FALSE,NA
692183,FALSE,NA
35047,TRUE,NA
207677,TRUE,NA
240858,FALSE,NA
247988,TRUE,NA
44693,TRUE,NA
126454,FALSE,NA
72824,TRUE,NA
40097,TRUE,NA
62445,TRUE,NA
31758,TRUE,NA
186445,TRUE,NA
202976,TRUE,NA
339525,FALSE,NA
28560,FALSE,NA
141692,TRUE,NA
750359,TRUE,NA
203796,TRUE,NA
549944,FALSE,NA
195197,TRUE,NA
695398,TRUE,NA
22255,FALSE,NA
103014,FALSE,NA
717100,TRUE,NA
450037,TRUE,NA
74287,FALSE,NA
156414,FALSE,NA
216106,FALSE,NA
449093,TRUE,NA
89935,FALSE,NA
218129,FALSE,NA
309632,FALSE,NA
570626,FALSE,NA
737230,TRUE,NA
752900,TRUE,NA
46937,TRUE,NA
283027,FALSE,NA
827080,TRUE,NA
308328,TRUE,NA
465807,TRUE,NA
38677,TRUE,NA
71676,TRUE,NA
106971,TRUE,NA
61265,TRUE,NA
196633,TRUE,NA
190258,TRUE,NA
244388,TRUE,NA
66397,TRUE,NA
721820,TRUE,NA
253216,TRUE,NA
315122,TRUE,NA
326701,TRUE,NA
253878,FALSE,NA
452563,TRUE,NA
63500,FALSE,NA
561352,FALSE,NA
100550,FALSE,NA
503066,FALSE,NA
69040,TRUE,NA
173828,FALSE,NA
551058,TRUE,NA
505245,FALSE,NA
113067,FALSE,NA
206273,TRUE,NA
552593,FALSE,NA
69547,FALSE,NA
212513,TRUE,NA
561747,TRUE,NA
457771,TRUE,NA
216884,TRUE,NA
323571,TRUE,NA
463340,TRUE,NA
466485,TRUE,NA
340632,TRUE,NA
52537,FALSE,NA
363341,TRUE,NA
737524,TRUE,NA
315243,TRUE,NA
46087,TRUE,NA
196861,TRUE,NA
108548,FALSE,NA
571020,TRUE,NA
314772,FALSE,NA
545948,FALSE,NA
454527,TRUE,NA
825902,FALSE,NA
317345,TRUE,NA
315129,TRUE,NA
62362,FALSE,NA
254005,FALSE,NA
554869,TRUE,NA
190005,FALSE,NA
561824,FALSE,NA
68732,TRUE,NA
225200,FALSE,NA
38642,TRUE,NA
554188,FALSE,NA
119604,FALSE,NA
558277,TRUE,NA
37575,FALSE,NA
39803,TRUE,NA
706646,FALSE,NA
815147,FALSE,NA
241098,TRUE,NA
22420,FALSE,NA
504128,FALSE,NA
47843,TRUE,NA
230858,TRUE,NA
121842,FALSE,NA
699229,TRUE,NA
309159,TRUE,NA
248250,FALSE,NA
470825,TRUE,NA
219111,FALSE,NA
452201,TRUE,NA
33695,FALSE,NA
67844,TRUE,NA
205241,TRUE,NA
839901,TRUE,NA
316464,FALSE,NA
568367,TRUE,NA
72000,TRUE,NA
129602,TRUE,NA
467537,TRUE,NA
30764,TRUE,NA
650865,FALSE,NA
39634,TRUE,NA
741572,TRUE,NA
446051,TRUE,NA
158302,TRUE,NA
549198,TRUE,NA
122197,FALSE,NA
576705,FALSE,NA
223373,TRUE,NA
244726,TRUE,NA
315255,TRUE,NA
98414,TRUE,NA
695191,TRUE,NA
311407,FALSE,NA
242284,TRUE,NA
39803,TRUE,NA
249363,TRUE,NA
44008,TRUE,NA
755906,TRUE,NA
558682,FALSE,NA
27754,TRUE,NA
445300,TRUE,NA
59850,TRUE,NA
313020,TRUE,NA
198174,FALSE,NA
225900,FALSE,NA
127186,FALSE,NA
41307,TRUE,NA
750157,TRUE,NA
451125,TRUE,NA
322263,TRUE,NA
193237,TRUE,NA
443258,TRUE,NA
193978,TRUE,NA
466125,TRUE,NA
243355,FALSE,NA
247818,TRUE,NA
555989,FALSE,NA
34875,TRUE,NA
25170,TRUE,NA
216460,TRUE,NA
320834,FALSE,NA
560471,TRUE,NA
35303,FALSE,NA
33489,TRUE,NA
737209,TRUE,NA
68239,TRUE,NA
22952,FALSE,NA
319211,FALSE,NA
243330,TRUE,NA
448809,TRUE,NA
733178,TRUE,NA
231847,FALSE,NA
241236,TRUE,NA
1252,FALSE,NA
70353,TRUE,NA
557649,FALSE,NA
636830,FALSE,NA
311948,FALSE,NA
384131,FALSE,NA
451158,FALSE,NA
201001,TRUE,NA
547256,FALSE,NA
196115,TRUE,NA
157571,TRUE,NA
753478,TRUE,NA
8941,FALSE,NA
316433,TRUE,NA
363097,TRUE,NA
721813,TRUE,NA
501950,FALSE,NA
559781,FALSE,NA
174528,FALSE,NA
563917,FALSE,NA
551604,TRUE,NA
170445,FALSE,NA
551231,TRUE,NA
211578,FALSE,NA
695330,TRUE,NA
100779,FALSE,NA
325183,TRUE,NA
25770,TRUE,NA
659489,FALSE,NA
457847,TRUE,NA
215414,TRUE,NA
168358,FALSE,NA
338058,TRUE,NA
250516,TRUE,NA
28249,FALSE,NA
562857,FALSE,NA
746285,FALSE,NA
314593,FALSE,NA
452296,TRUE,NA
740110,TRUE,NA
545909,TRUE,NA
224187,FALSE,NA
124393,FALSE,NA
113967,FALSE,NA
24430,FALSE,NA
39449,TRUE,NA
48451,TRUE,NA
466298,TRUE,NA
545405,FALSE,NA
53278,TRUE,NA
456895,FALSE,NA
667690,TRUE,NA
325845,TRUE,NA
250657,TRUE,NA
447704,FALSE,NA
31016,FALSE,NA
325497,TRUE,NA
3414,TRUE,NA
820951,FALSE,NA
242082,TRUE,NA
560245,TRUE,NA
214290,FALSE,NA
383593,FALSE,NA
220998,TRUE,NA
63389,TRUE,NA
472299,TRUE,NA
242045,TRUE,NA
39033,TRUE,NA
550163,FALSE,NA
8663,TRUE,NA
212007,FALSE,NA
451995,TRUE,NA
784210,FALSE,NA
195309,TRUE,NA
564926,TRUE,NA
562036,TRUE,NA
322193,TRUE,NA
254165,FALSE,NA
464249,FALSE,NA
25450,TRUE,NA
565395,TRUE,NA
32540,FALSE,NA
824650,TRUE,NA
671149,TRUE,NA
48235,TRUE,NA
113098,TRUE,NA
67802,TRUE,NA
211783,FALSE,NA
311326,FALSE,NA
785013,FALSE,NA
355084,FALSE,NA
827541,FALSE,NA
49985,TRUE,NA
46342,TRUE,NA
253999,FALSE,NA
224437,TRUE,NA
26817,FALSE,NA
193321,TRUE,NA
460583,TRUE,NA
465591,TRUE,NA
40464,TRUE,NA
576750,TRUE,NA
545673,TRUE,NA
61296,FALSE,NA
49392,TRUE,NA
311688,FALSE,NA
71731,FALSE,NA
29928,TRUE,NA
780513,FALSE,NA
62453,TRUE,NA
243310,TRUE,NA
563301,FALSE,NA
775444,FALSE,NA
560806,FALSE,NA
463189,TRUE,NA
44433,TRUE,NA
313766,FALSE,NA
322994,TRUE,NA
190487,TRUE,NA
189131,TRUE,NA
317672,FALSE,NA
257407,TRUE,NA
254825,TRUE,NA
230797,TRUE,NA
553776,TRUE,NA
192181,TRUE,NA
328950,TRUE,NA
252470,TRUE,NA
40229,TRUE,NA
721527,TRUE,NA
69093,FALSE,NA
749907,TRUE,NA
192549,FALSE,NA
445271,TRUE,NA
240272,TRUE,NA
324966,TRUE,NA
109150,TRUE,NA
62584,TRUE,NA
669822,TRUE,NA
65988,TRUE,NA
649867,FALSE,NA
241173,TRUE,NA
568778,FALSE,NA
30462,FALSE,NA
28322,FALSE,NA
695258,TRUE,NA
721438,TRUE,NA
44406,FALSE,NA
211848,FALSE,NA
451099,TRUE,NA
363534,TRUE,NA
217500,FALSE,NA
62348,TRUE,NA
733201,TRUE,NA
740842,TRUE,NA
42533,TRUE,NA
502192,FALSE,NA
251258,TRUE,NA
39273,TRUE,NA
447754,TRUE,NA
174595,FALSE,NA
742077,TRUE,NA
11715,TRUE,NA
51642,FALSE,NA
53259,TRUE,NA
199534,TRUE,NA
313914,FALSE,NA
670607,FALSE,NA
14897,TRUE,NA
186209,TRUE,NA
667586,TRUE,NA
52807,TRUE,NA
24281,FALSE,NA
26452,TRUE,NA
554643,FALSE,NA
454767,TRUE,NA
34115,TRUE,NA
24004,TRUE,NA
554983,TRUE,NA
465610,TRUE,NA
49102,TRUE,NA
246722,FALSE,NA
559554,FALSE,NA
49717,TRUE,NA
201994,TRUE,NA
547136,TRUE,NA
558940,FALSE,NA
34227,FALSE,NA
465639,TRUE,NA
460174,TRUE,NA
468223,TRUE,NA
474488,TRUE,NA
569332,FALSE,NA
686737,TRUE,NA
158350,TRUE,NA
230306,TRUE,NA
667668,TRUE,NA
217404,TRUE,NA
32722,FALSE,NA
468401,TRUE,NA
782164,FALSE,NA
170430,TRUE,NA
124912,FALSE,NA
553246,FALSE,NA
49351,TRUE,NA
363389,TRUE,NA
317304,TRUE,NA
708770,TRUE,NA
208349,TRUE,NA
555272,FALSE,NA
546165,FALSE,NA
249592,TRUE,NA
247697,TRUE,NA
251856,FALSE,NA
204526,TRUE,NA
114044,FALSE,NA
730748,FALSE,NA
552001,TRUE,NA
461587,TRUE,NA
458729,FALSE,NA
471122,TRUE,NA
826356,FALSE,NA
696170,TRUE,NA
471315,TRUE,NA
326117,TRUE,NA
678366,TRUE,NA
325935,TRUE,NA
709386,TRUE,NA
784794,FALSE,NA
502836,FALSE,NA
253785,TRUE,NA
442932,TRUE,NA
51417,TRUE,NA
256785,TRUE,NA
90586,TRUE,NA
475569,TRUE,NA
310586,TRUE,NA
67214,TRUE,NA
29028,FALSE,NA
214884,TRUE,NA
689352,TRUE,NA
48216,TRUE,NA
699145,TRUE,NA
25578,FALSE,NA
60517,TRUE,NA
704015,TRUE,NA
562537,FALSE,NA
780372,FALSE,NA
549591,TRUE,NA
321858,TRUE,NA
214954,TRUE,NA
215617,TRUE,NA
37623,TRUE,NA
68650,FALSE,NA
225653,FALSE,NA
308709,TRUE,NA
45552,TRUE,NA
156841,TRUE,NA
128739,FALSE,NA
445538,TRUE,NA
242870,TRUE,NA
558479,FALSE,NA
212536,TRUE,NA
198151,TRUE,NA
334033,TRUE,NA
252072,TRUE,NA
750015,TRUE,NA
552642,FALSE,NA
79352,FALSE,NA
764320,TRUE,NA
703966,TRUE,NA
554817,FALSE,NA
206845,TRUE,NA
568285,FALSE,NA
68826,TRUE,NA
449415,TRUE,NA
445873,TRUE,NA
29284,TRUE,NA
257143,TRUE,NA
784825,FALSE,NA
66713,TRUE,NA
57609,TRUE,NA
443375,TRUE,NA
568173,FALSE,NA
77260,FALSE,NA
556682,FALSE,NA
255471,FALSE,NA
51056,TRUE,NA
190203,FALSE,NA
562927,FALSE,NA
709631,TRUE,NA
59503,TRUE,NA
188311,TRUE,NA
240564,TRUE,NA
33253,TRUE,NA
464922,TRUE,NA
554840,FALSE,NA
548776,TRUE,NA
190035,TRUE,NA
564346,FALSE,NA
209722,TRUE,NA
223518,TRUE,NA
22262,TRUE,NA
505162,FALSE,NA
463363,TRUE,NA
558108,TRUE,NA
446707,TRUE,NA
692104,TRUE,NA
696150,TRUE,NA
239776,TRUE,NA
25686,TRUE,NA
42707,TRUE,NA
51131,TRUE,NA
67936,TRUE,NA
90121,TRUE,NA
290064,FALSE,NA
114129,FALSE,NA
48443,TRUE,NA
248310,TRUE,NA
67871,TRUE,NA
9835,TRUE,NA
41382,TRUE,NA
551062,TRUE,NA
37575,FALSE,NA
64897,TRUE,NA
41091,TRUE,NA
318327,TRUE,NA
24994,FALSE,NA
451803,TRUE,NA
753209,TRUE,NA
4297,TRUE,NA
168474,TRUE,NA
61223,TRUE,NA
456215,FALSE,NA
248046,FALSE,NA
42042,TRUE,NA
20437,FALSE,NA
49245,TRUE,NA
44526,TRUE,NA
561749,TRUE,NA
31990,FALSE,NA
114419,FALSE,NA
315430,TRUE,NA
562381,FALSE,NA
84213,TRUE,NA
208263,TRUE,NA
472078,TRUE,NA
715178,FALSE,NA
558199,TRUE,NA
544737,FALSE,NA
317226,TRUE,NA
554246,FALSE,NA
465068,TRUE,NA
16368,TRUE,NA
315380,TRUE,NA
316212,FALSE,NA
98047,TRUE,NA
13835,FALSE,NA
558022,TRUE,NA
290357,FALSE,NA
53775,TRUE,NA
764365,TRUE,NA
229633,TRUE,NA
347449,FALSE,NA
450998,FALSE,NA
251144,TRUE,NA
447688,FALSE,NA
469772,TRUE,NA
244808,FALSE,NA
64312,TRUE,NA
82081,TRUE,NA
557577,TRUE,NA
737190,TRUE,NA
774344,FALSE,NA
67327,TRUE,NA
564651,FALSE,NA
42252,TRUE,NA
226598,TRUE,NA
215074,FALSE,NA
695920,TRUE,NA
768493,FALSE,NA
354386,FALSE,NA
31895,TRUE,NA
699290,TRUE,NA
173414,FALSE,NA
65767,FALSE,NA
689585,TRUE,NA
5964,TRUE,NA
221507,TRUE,NA
728953,TRUE,NA
6301,TRUE,NA
558091,TRUE,NA
466804,TRUE,NA
251013,TRUE,NA
449502,TRUE,NA
502360,FALSE,NA
567974,FALSE,NA
314570,FALSE,NA
759823,TRUE,NA
325912,TRUE,NA
218828,TRUE,NA
696142,TRUE,NA
464151,TRUE,NA
563144,FALSE,NA
251483,TRUE,NA
500709,TRUE,NA
563842,FALSE,NA
203889,TRUE,NA
170017,FALSE,NA
785346,FALSE,NA
443057,TRUE,NA
446161,TRUE,NA
753254,TRUE,NA
309926,FALSE,NA
326409,TRUE,NA
125690,FALSE,NA
784698,FALSE,NA
7934,TRUE,NA
321581,TRUE,NA
187066,FALSE,NA
326384,TRUE,NA
699400,TRUE,NA
471629,TRUE,NA
466556,TRUE,NA
129933,FALSE,NA
662793,FALSE,NA
500535,FALSE,NA
117033,FALSE,NA
746770,FALSE,NA
460154,TRUE,NA
555344,FALSE,NA
356307,FALSE,NA
558887,FALSE,NA
41535,TRUE,NA
205384,TRUE,NA
3688,FALSE,NA
325001,TRUE,NA
170046,TRUE,NA
39066,TRUE,NA
750402,TRUE,NA
61785,TRUE,NA
43693,TRUE,NA
212342,TRUE,NA
451128,TRUE,NA
320654,FALSE,NA
117562,FALSE,NA
820850,FALSE,NA
750396,TRUE,NA
460634,TRUE,NA
340182,TRUE,NA
38991,TRUE,NA
470750,TRUE,NA
110247,FALSE,NA
26774,TRUE,NA
200059,TRUE,NA
212286,TRUE,NA
71797,FALSE,NA
6396,TRUE,NA
102760,TRUE,NA
217467,FALSE,NA
689231,TRUE,NA
314699,TRUE,NA
34374,TRUE,NA
766218,TRUE,NA
50039,TRUE,NA
191017,TRUE,NA
48473,TRUE,NA
256979,TRUE,NA
780328,FALSE,NA
450005,TRUE,NA
207659,TRUE,NA
215348,FALSE,NA
450252,TRUE,NA
591008,TRUE,NA
114051,FALSE,NA
62184,TRUE,NA
683672,TRUE,NA
205843,TRUE,NA
250599,TRUE,NA
212481,TRUE,NA
718677,TRUE,NA
196290,TRUE,NA
545948,FALSE,NA
29249,TRUE,NA
196647,TRUE,NA
230705,FALSE,NA
214329,FALSE,NA
48910,TRUE,NA
553820,TRUE,NA
703773,TRUE,NA
445240,TRUE,NA
187442,TRUE,NA
213339,FALSE,NA
504551,FALSE,NA
209982,TRUE,NA
84221,TRUE,NA
563295,FALSE,NA
312651,TRUE,NA
188181,TRUE,NA
547678,FALSE,NA
767265,TRUE,NA
474758,TRUE,NA
547664,TRUE,NA
226512,TRUE,NA
313397,TRUE,NA
327391,TRUE,NA
552529,FALSE,NA
22690,FALSE,NA
554211,FALSE,NA
34904,TRUE,NA
254775,TRUE,NA
827566,FALSE,NA
222654,TRUE,NA
34457,TRUE,NA
696101,TRUE,NA
563968,FALSE,NA
51078,TRUE,NA
90550,TRUE,NA
38022,TRUE,NA
214576,TRUE,NA
214394,TRUE,NA
61042,TRUE,NA
825929,TRUE,NA
554778,FALSE,NA
174650,TRUE,NA
170570,FALSE,NA
785516,FALSE,NA
28946,FALSE,NA
321623,TRUE,NA
223341,TRUE,NA
6780,TRUE,NA
25674,TRUE,NA
228804,FALSE,NA
213005,TRUE,NA
559094,TRUE,NA
104335,FALSE,NA
52041,TRUE,NA
448673,TRUE,NA
2410,TRUE,NA
39622,TRUE,NA
241359,TRUE,NA
27096,TRUE,NA
663400,FALSE,NA
570463,FALSE,NA
755924,TRUE,NA
347964,TRUE,NA
196713,TRUE,NA
253680,TRUE,NA
464474,TRUE,NA
46859,TRUE,NA
251588,TRUE,NA
444429,TRUE,NA
42421,TRUE,NA
186449,TRUE,NA
548454,FALSE,NA
757185,FALSE,NA
250236,TRUE,NA
40470,TRUE,NA
249576,FALSE,NA
170384,FALSE,NA
310483,TRUE,NA
254092,FALSE,NA
159181,TRUE,NA
464673,FALSE,NA
468877,TRUE,NA
772549,TRUE,NA
749949,TRUE,NA
222750,TRUE,NA
322453,TRUE,NA
564498,FALSE,NA
553324,FALSE,NA
548777,TRUE,NA
186890,FALSE,NA
218603,TRUE,NA
22624,TRUE,NA
243336,TRUE,NA
678532,TRUE,NA
230339,TRUE,NA
242575,FALSE,NA
109275,FALSE,NA
558472,TRUE,NA
159213,TRUE,NA
104792,TRUE,NA
56455,FALSE,NA
116103,FALSE,NA
469900,TRUE,NA
553966,FALSE,NA
48865,FALSE,NA
241671,TRUE,NA
667591,TRUE,NA
249536,TRUE,NA
63261,FALSE,NA
247816,TRUE,NA
221187,TRUE,NA
86240,FALSE,NA
30425,FALSE,NA
728575,TRUE,NA
228092,TRUE,NA
571214,FALSE,NA
315314,TRUE,NA
48775,TRUE,NA
324865,TRUE,NA
209145,TRUE,NA
750071,TRUE,NA
254317,TRUE,NA
742754,TRUE,NA
230871,TRUE,NA
246908,TRUE,NA
68821,TRUE,NA
244383,TRUE,NA
255213,TRUE,NA
32356,TRUE,NA
325401,TRUE,NA
546566,TRUE,NA
98337,TRUE,NA
45908,TRUE,NA
709341,TRUE,NA
371607,FALSE,NA
827232,FALSE,NA
240745,TRUE,NA
567972,TRUE,NA
762877,TRUE,NA
201072,TRUE,NA
451670,TRUE,NA
323621,TRUE,NA
504876,FALSE,NA
243715,FALSE,NA
684497,TRUE,NA
4381,FALSE,NA
43465,TRUE,NA
109519,FALSE,NA
563494,FALSE,NA
213689,FALSE,NA
209820,TRUE,NA
60355,TRUE,NA
468038,TRUE,NA
312320,FALSE,NA
709920,TRUE,NA
462742,TRUE,NA
355919,FALSE,NA
220253,TRUE,NA
33370,TRUE,NA
47034,TRUE,NA
63319,TRUE,NA
173777,FALSE,NA
157711,TRUE,NA
356304,FALSE,NA
248704,TRUE,NA
768616,TRUE,NA
558614,FALSE,NA
255988,FALSE,NA
51623,TRUE,NA
844419,TRUE,NA
46921,TRUE,NA
736972,TRUE,NA
59893,FALSE,NA
223831,FALSE,NA
213136,FALSE,NA
448160,TRUE,NA
249124,FALSE,NA
464690,TRUE,NA
559504,FALSE,NA
266593,FALSE,NA
254161,FALSE,NA
501726,TRUE,NA
732192,TRUE,NA
76117,FALSE,NA
88870,FALSE,NA
2037,TRUE,NA
188142,TRUE,NA
721534,TRUE,NA
205775,TRUE,NA
357442,FALSE,NA
450410,TRUE,NA
548558,FALSE,NA
120567,FALSE,NA
42815,TRUE,NA
325839,TRUE,NA
285358,FALSE,NA
251054,TRUE,NA
252700,TRUE,NA
448681,TRUE,NA
768611,TRUE,NA
213203,TRUE,NA
327040,TRUE,NA
696610,TRUE,NA
67429,TRUE,NA
283039,FALSE,NA
43604,TRUE,NA
50438,FALSE,NA
47185,TRUE,NA
777337,FALSE,NA
60161,TRUE,NA
168577,TRUE,NA
568634,TRUE,NA
839091,TRUE,NA
228759,TRUE,NA
778536,FALSE,NA
186477,TRUE,NA
543905,TRUE,NA
256730,TRUE,NA
570986,FALSE,NA
243253,TRUE,NA
741422,TRUE,NA
562407,FALSE,NA
60684,FALSE,NA
27203,TRUE,NA
253808,TRUE,NA
225989,FALSE,NA
218347,FALSE,NA
318261,FALSE,NA
243479,TRUE,NA
201146,TRUE,NA
386547,TRUE,NA
229219,FALSE,NA
287952,TRUE,NA
470657,TRUE,NA
452831,TRUE,NA
66731,TRUE,NA
141622,TRUE,NA
247467,TRUE,NA
219834,TRUE,NA
570249,FALSE,NA
259151,TRUE,NA
445670,TRUE,NA
555600,FALSE,NA
307848,TRUE,NA
215802,FALSE,NA
255240,TRUE,NA
699392,TRUE,NA
115659,FALSE,NA
698900,TRUE,NA
741995,TRUE,NA
367777,FALSE,NA
812327,FALSE,NA
820509,FALSE,NA
120987,FALSE,1
685747,FALSE,NA
685500,TRUE,NA
780739,FALSE,NA
685895,TRUE,NA
287478,TRUE,NA
709107,FALSE,NA
709188,FALSE,NA
291791,TRUE,NA
685521,TRUE,NA
348590,FALSE,NA
335905,FALSE,NA
353607,FALSE,NA
365620,FALSE,NA
362348,FALSE,NA
410358,FALSE,NA
406096,FALSE,NA
666272,FALSE,NA
716500,FALSE,NA
410890,FALSE,NA
411436,FALSE,NA
756777,TRUE,NA
411293,FALSE,NA
342402,FALSE,NA
690221,FALSE,NA
370071,FALSE,NA
645936,FALSE,NA
357843,TRUE,NA
753560,TRUE,NA
411399,FALSE,NA
349493,FALSE,NA
813928,FALSE,NA
760760,TRUE,NA
410996,FALSE,NA
342029,FALSE,NA
755188,TRUE,NA
642920,TRUE,NA
344509,FALSE,NA
748411,FALSE,NA
358066,FALSE,NA
628819,FALSE,NA
696315,FALSE,NA
626915,FALSE,NA
717824,FALSE,NA
715000,FALSE,NA
637340,FALSE,NA
400493,FALSE,NA
696882,FALSE,NA
819008,FALSE,NA
629892,FALSE,NA
775634,FALSE,NA
415198,TRUE,NA
725973,FALSE,NA
680176,FALSE,NA
676843,FALSE,NA
346132,FALSE,NA
636048,FALSE,NA
657229,FALSE,NA
685285,TRUE,NA
652453,FALSE,NA
779380,FALSE,NA
646906,TRUE,NA
688063,FALSE,NA
634721,FALSE,NA
635207,FALSE,NA
764159,FALSE,NA
656394,FALSE,NA
841160,FALSE,NA
748522,FALSE,NA
434546,FALSE,NA
425633,FALSE,NA
683230,FALSE,NA
419357,FALSE,NA
419243,FALSE,NA
411932,TRUE,NA
653354,FALSE,NA
418274,FALSE,NA
724883,FALSE,NA
420478,TRUE,NA
414836,TRUE,NA
727742,FALSE,NA
662868,TRUE,NA
777556,FALSE,NA
778596,FALSE,NA
779063,FALSE,NA
405285,TRUE,NA
761789,FALSE,NA
744599,FALSE,NA
652031,FALSE,NA
841338,FALSE,NA
719758,FALSE,NA
764035,FALSE,NA
682025,FALSE,NA
407525,TRUE,NA
418295,FALSE,NA
726934,FALSE,NA
405654,TRUE,NA
402083,FALSE,NA
717715,FALSE,NA
652678,FALSE,NA
726451,FALSE,NA
415374,TRUE,NA
716482,FALSE,NA
813882,FALSE,NA
411575,TRUE,NA
840838,FALSE,NA
695012,FALSE,NA
653623,FALSE,NA
635233,FALSE,NA
712922,FALSE,NA
631369,FALSE,NA
777374,FALSE,NA
350295,FALSE,NA
412258,TRUE,NA
774609,FALSE,NA
684805,FALSE,NA
662851,TRUE,NA
433770,FALSE,NA
779569,FALSE,NA
434498,FALSE,NA
727003,FALSE,NA
634272,FALSE,NA
634258,FALSE,NA
719227,FALSE,NA
827150,FALSE,NA
415149,TRUE,NA
646148,TRUE,NA
346259,FALSE,NA
651948,FALSE,NA
640247,TRUE,NA
629584,FALSE,NA
733819,FALSE,NA
648087,TRUE,NA
646718,TRUE,NA
626930,FALSE,NA
720675,FALSE,NA
766897,FALSE,NA
367673,FALSE,NA
419464,FALSE,NA
727738,FALSE,NA
655525,TRUE,NA
777184,FALSE,NA
354716,TRUE,NA
657072,TRUE,NA
637014,FALSE,NA
710972,TRUE,NA
651753,FALSE,NA
405370,TRUE,NA
717911,FALSE,NA
775633,FALSE,NA
839835,FALSE,NA
656237,TRUE,NA
434050,FALSE,NA
635507,FALSE,NA
710370,FALSE,NA
712321,TRUE,NA
715900,FALSE,NA
761141,TRUE,NA
651893,FALSE,NA
636073,FALSE,NA
412972,FALSE,NA
657237,FALSE,NA
405670,TRUE,NA
411403,TRUE,NA
657082,TRUE,NA
634810,FALSE,NA
762303,FALSE,NA
727389,FALSE,NA
686678,FALSE,NA
727258,FALSE,NA
638793,FALSE,NA
775869,FALSE,NA
695094,FALSE,NA
635085,FALSE,NA
775847,FALSE,NA
413460,FALSE,NA
404443,TRUE,NA
422898,FALSE,NA
647207,TRUE,NA
761601,FALSE,NA
413615,FALSE,NA
635544,FALSE,NA
722706,FALSE,NA
646448,FALSE,NA
626923,FALSE,NA
684095,FALSE,NA
414657,TRUE,NA
428312,FALSE,NA
693958,FALSE,NA
778835,FALSE,NA
726843,FALSE,NA
420674,FALSE,NA
682027,FALSE,NA
425028,TRUE,NA
414677,TRUE,NA
646390,FALSE,NA
402631,FALSE,NA
779379,FALSE,NA
657517,FALSE,NA
680297,TRUE,NA
631593,FALSE,NA
774596,FALSE,NA
720677,FALSE,NA
424714,TRUE,NA
420641,TRUE,NA
665372,TRUE,NA
405564,TRUE,NA
433764,FALSE,NA
380558,FALSE,NA
417319,TRUE,NA
434510,FALSE,NA
645163,TRUE,NA
624899,FALSE,NA
666012,FALSE,NA
377562,FALSE,NA
388629,FALSE,NA
634780,FALSE,NA
434655,FALSE,NA
415237,TRUE,NA
403012,FALSE,NA
777562,FALSE,NA
403533,FALSE,NA
779896,FALSE,NA
767525,TRUE,NA
683943,TRUE,NA
401923,TRUE,NA
404358,TRUE,NA
651860,FALSE,NA
415619,TRUE,NA
636800,FALSE,NA
680081,TRUE,NA
842982,FALSE,NA
757728,FALSE,NA
344422,FALSE,NA
400246,FALSE,NA
715234,FALSE,NA
666227,FALSE,NA
637095,FALSE,NA
411849,TRUE,NA
658948,TRUE,NA
779244,FALSE,NA
403347,FALSE,NA
714261,FALSE,NA
722014,FALSE,NA
779799,FALSE,NA
779270,FALSE,NA
417319,TRUE,NA
365604,FALSE,NA
401548,TRUE,NA
653886,FALSE,NA
681350,TRUE,NA
715854,FALSE,NA
842966,FALSE,NA
627009,FALSE,NA
645039,TRUE,NA
401730,FALSE,NA
724787,FALSE,NA
665866,TRUE,NA
647210,TRUE,NA
402343,FALSE,NA
634751,FALSE,NA
710905,TRUE,NA
417940,FALSE,NA
402648,FALSE,NA
697180,FALSE,NA
646922,TRUE,NA
418743,TRUE,NA
403046,FALSE,NA
841141,FALSE,NA
717203,FALSE,NA
405388,TRUE,NA
661959,TRUE,NA
684281,FALSE,NA
645043,TRUE,NA
418689,TRUE,NA
711968,TRUE,NA
727744,FALSE,NA
719165,FALSE,NA
715832,FALSE,NA
693767,FALSE,NA
716503,FALSE,NA
778295,FALSE,NA
418529,TRUE,NA
777258,FALSE,NA
347743,FALSE,NA
405451,TRUE,NA
655539,TRUE,NA
350749,FALSE,NA
638473,FALSE,NA
400845,TRUE,NA
401200,TRUE,NA
725232,FALSE,NA
840830,FALSE,NA
652800,FALSE,NA
726047,FALSE,NA
657409,TRUE,NA
635525,FALSE,NA
629697,FALSE,NA
662251,TRUE,NA
347153,FALSE,NA
662226,TRUE,NA
684464,FALSE,NA
420563,TRUE,NA
403652,FALSE,NA
717805,FALSE,NA
647475,TRUE,NA
644932,FALSE,NA
715756,FALSE,NA
422431,TRUE,NA
419734,FALSE,NA
433744,FALSE,NA
653854,FALSE,NA
776985,FALSE,NA
840061,FALSE,NA
771655,FALSE,NA
414728,TRUE,NA
635953,FALSE,NA
403337,FALSE,NA
841737,FALSE,NA
647628,TRUE,NA
824803,FALSE,NA
407151,TRUE,NA
647995,TRUE,NA
402410,FALSE,NA
654735,FALSE,NA
652652,FALSE,NA
644861,TRUE,NA
405141,TRUE,NA
685198,TRUE,NA
775983,FALSE,NA
717404,FALSE,NA
778548,FALSE,NA
414902,TRUE,NA
663472,FALSE,NA
747851,FALSE,NA
778449,FALSE,NA
428032,FALSE,NA
417433,TRUE,NA
824524,FALSE,NA
694102,FALSE,NA
716417,FALSE,NA
652262,FALSE,NA
688046,FALSE,NA
719451,FALSE,NA
412482,FALSE,NA
724918,FALSE,NA
655193,FALSE,NA
726459,FALSE,NA
777376,FALSE,NA
769433,FALSE,NA
389000,FALSE,NA
422018,FALSE,NA
354116,FALSE,NA
663630,FALSE,NA
765684,FALSE,1
390760,FALSE,NA
419544,TRUE,NA
392596,TRUE,NA
750925,FALSE,NA
634561,FALSE,NA
361195,FALSE,NA
665980,FALSE,NA
811612,TRUE,NA
825495,FALSE,NA
737555,TRUE,NA
823246,FALSE,NA
781417,FALSE,NA
419379,FALSE,NA
345541,FALSE,NA
390744,FALSE,NA
369669,FALSE,NA
824549,FALSE,NA
778580,FALSE,NA
711790,FALSE,NA
380509,FALSE,NA
747150,FALSE,NA
369669,FALSE,NA
843367,FALSE,NA
722482,FALSE,NA
757863,FALSE,NA
416193,FALSE,NA
733901,TRUE,NA
404614,TRUE,NA
738602,TRUE,NA
769408,FALSE,NA
629016,FALSE,NA
422875,TRUE,NA
644144,TRUE,NA
821359,FALSE,NA
811111,TRUE,NA
385389,FALSE,NA
751288,FALSE,1
712685,FALSE,NA
828321,TRUE,NA
692367,FALSE,NA
698488,FALSE,NA
830866,FALSE,NA
654563,FALSE,NA
628867,FALSE,NA
654662,FALSE,NA
775356,TRUE,NA
789389,FALSE,NA
626552,FALSE,NA
626510,FALSE,NA
653383,FALSE,NA
387846,TRUE,NA
784894,FALSE,NA
376105,TRUE,NA
629025,FALSE,NA
739085,TRUE,NA
629136,FALSE,NA
729241,FALSE,NA
392139,TRUE,NA
701008,FALSE,NA
771944,TRUE,NA
835608,FALSE,NA
789285,TRUE,NA
812010,TRUE,NA
350225,FALSE,NA
824727,TRUE,NA
760402,FALSE,NA
346236,FALSE,NA
684499,FALSE,NA
729804,FALSE,NA
727055,FALSE,NA
659755,TRUE,NA
659749,TRUE,NA
680787,TRUE,NA
662157,TRUE,NA
419037,FALSE,NA
350278,FALSE,NA
355206,FALSE,NA
345983,TRUE,NA
713013,FALSE,1
422046,TRUE,NA
422227,TRUE,NA
409057,TRUE,NA
661213,FALSE,NA
683302,FALSE,NA
422935,TRUE,NA
425327,FALSE,NA
422908,TRUE,NA
425330,FALSE,NA
397176,TRUE,NA
662428,FALSE,NA
409063,TRUE,NA
408198,TRUE,NA
426849,FALSE,NA
407907,TRUE,NA
425153,FALSE,NA
409655,TRUE,NA
423821,TRUE,NA
423234,TRUE,NA
407952,TRUE,NA
424615,TRUE,NA
426865,FALSE,NA
408931,TRUE,NA
407104,TRUE,NA
408596,TRUE,NA
711764,TRUE,NA
414496,TRUE,NA
422025,TRUE,NA
422190,TRUE,NA
424647,TRUE,NA
423268,TRUE,NA
409180,TRUE,NA
392505,TRUE,NA
736560,TRUE,NA
400600,FALSE,NA
772069,FALSE,NA
408832,FALSE,NA
754255,TRUE,NA
755792,TRUE,NA
354412,FALSE,NA
344993,FALSE,NA
381960,FALSE,NA
690016,FALSE,NA
648794,TRUE,NA
350033,FALSE,NA
781134,FALSE,NA
649851,FALSE,NA
650724,TRUE,NA
648772,TRUE,NA
659573,FALSE,NA
710829,TRUE,NA
355595,FALSE,NA
648923,FALSE,NA
427940,FALSE,NA
650625,FALSE,NA
640461,TRUE,NA
395517,TRUE,1
288225,TRUE,NA
425060,FALSE,NA
781241,FALSE,NA
778179,FALSE,NA
14933,TRUE,NA
1407,TRUE,NA
13439,FALSE,NA
175011,FALSE,NA
174504,FALSE,NA
174820,FALSE,1
206225,TRUE,NA
821383,FALSE,NA
651981,TRUE,NA
789405,TRUE,NA
840969,FALSE,NA
631950,TRUE,NA
361559,FALSE,NA
654102,FALSE,NA
355563,FALSE,NA
725170,FALSE,NA
370653,FALSE,NA
739717,TRUE,NA
700955,TRUE,NA
708003,TRUE,NA
736349,TRUE,NA
788311,TRUE,NA
24357,FALSE,NA
426664,FALSE,NA
426892,FALSE,NA
426469,FALSE,NA
426889,FALSE,NA
834946,TRUE,NA
226696,TRUE,NA
